:0200000480007A
:1200200073646820737468A0036568CA0BC30030009058
:200034004E414E000F05D011174580010B00D0010F00B02142218B0101110F2010006B0591
:20005400002000903256FF0626003B00FEFF3FF617000F6510308B0602601745802600906C
:200074003256FF0618003B00FEFF3FF60F000F6500308B060260174580260090A2F637054E
:20009400C13F0F6510200090A2F682030F6500200090DA207FF60700174580360F640020BC
:1A00B4000090A2F682020F64003000906E616E00494E4600696E697479000C
:0300D00030780085
:0C00D400696E660064000000000000007F
:200100000000000000000000000000000000000000000000000000000000000000000000DF
:200120000000000000000000000000000000000000000000000000000000000000000000BF
:2001400000000000000000000000000000000000000000000000000000000000000000009F
:2001600000000000000000000000000000000000000000000000000000000000000000007F
:2001800000000000000000000000000000000000000000000000000000000000000000005F
:2001A00000000000000000000000000000000000000000000000000000000000000000003F
:2001C00000000000000000000000000000000000000000000000000000000000000000001F
:2001E0000000000000000000000000000000000000000000000000000000000000000000FF
:20020000820C822D3C130757FFCF8755BFDFCE57460546048B1480408B05A050CE77460781
:2002200046068B1680608B07A07082028203820082013A260B2700F26E023C4F0B6430F132
:200240000B7500F20B75A0F26E04024002513C453A640B7500F26E0382123C3F3B0004E0E3
:200260000B6030F10B7100F20B71A0F2DE1087559FFF06116701801F8B1FE00602480259BB
:2002800006156745805F0614C2FE3CEB0284029506F067101F0006F1C21E82087AE86E1DC0
:2002A00087559FFF06116701801F8B1FE0060B60C0A00B71D0B007BB9FFF06156745805F49
:2002C000061406136723803F8B1FE0266E0302A002B1C2183FE8E67F76C7460346028B125B
:2002E00080208B03A030DF2D0B00071DE0FF76F7460146008B1080008B01A01000903B00CA
:20030000034040F440C5007074DF3B00034040C400708B0E1D004B0041017B0012F46BFA83
:2003200061A0C21882090070910000F7DA1859FF4464007061000E00370A6800DA0A4BF0C6
:2003400011020070610006003BE0024040C4007054DFC21F74DF007091000047D944149072
:200360006D003911910000F7D9FF149049F4101A6D003111910000F7D9FF000014FFEE0348
:200380006D002F4800900248910000F7D9FF2C4091000027D9222C40542FC21F74FF91004C
:2003A00000F7D9FF2C4054FF3B401F007F0F04001D005C01910000F7D9FF2C40DA0074FFF0
:2003C000910000F7D9FF304091000027D9223040542FC21F74FF910000F7D9FF304054FF30
:2003E000910000F8D9FF183054F03FF02500BB70710B9B109503538823F0910000F7D9FF84
:20040000185010FF481F6B00210F7B00F8F34BF001F0370F61F16E057B00F8F36B0F3100B5
:20042000538823F0910000F7D9FF185010FF68101D001C01910000F7D9FF304054FF910091
:2004400000F8D9FF183054F01B8038013FF05880530825F0910000F7D9FF149010FF09FFDA
:200460001A093B0000049BC059044B0F41406D00004B0229538823F0910000F7D9FF1850EE
:2004800010FF481F3B0000049BC059044B0F41406D003A5B02246D00EC4A3B8038F13FF234
:2004A00003808202532220F0910000F7D9FF1C30D4FF10FFB4F9BB70710B9B1095035388B0
:2004C00023F0910000F7D9FF185010FF481F6B00210F7B00F8F34BF001F0370F61F16E0593
:2004E0007B00F8F36B0F3100538823F0910000F7D9FF185010FF68101D00B800910000F751
:20050000D9FF304054FF910000F8D9FF183054F01B803801910000F8D9FF183054F142103F
:200520003FF02480BB70710B9B10950B538823F0910000F7D9FF185010FF481F6B00210F2F
:20054000DA004BF001F0370F61F06E057B00F8F36B0F2100538823F0910000F7D9FF1850D4
:2005600010FF68101D008200910000F7D9FF304054FF910000F8D9FF183054F01B80380171
:20058000910000F8D9FF183054F142101B8038013FF06380530825F0910000F7D9FF1490C1
:2005A00010FF09FF1A093B0000049BC059044B0F41406D005E4A0229538823F0910000F779
:2005C000D9FF185010FF481F3B0000049BC059044B0F41406D00985A02246D004A4A3B8052
:2005E00038F13FF203808202532220F0910000F7D9FF1C30D4FF10FF532220F0910000274A
:20060000D9221C30D4221022942F429F82204B0F0102B4F0BB70710B9B10950B538823F044
:20062000910000F7D9FF185010FF481F6B00210FDA004BF001F0370F61F06E057B00F8F36B
:200640006B0F2100538823F0910000F7D9FF185010FF68103C0A910000F7D9FF0000DA0141
:2006600034FF82146D0049130090910000F7D9FF3040DA0074FF910000F7D9FF2C40DA0095
:2006800074FF910000F7D9FF0000DA0034FF6D00A846009091000047D94414906D009B0FDF
:2006A000910000F7D9FF149049F4101A6D00930F910000F7D9FF0400DA0034FF910000F7C7
:2006C000D9FF080054FF6E0E910000F7D9FF0800D4F46D00D314910000F7D9FF0800A002DD
:2006E000F4F26D004C46F628910000F7D9FF0000DA0134FF3C096D007446910000F7D9FFBD
:200700000000DA0034FF009020080248910000F7D9FF3C4054FF4B0F61F1BB70710B9B109D
:2007200085034B0F4190910000F7D9FF14C4486F910000F7D9FF14C448204B0F41F07B0071
:2007400004044B0F41F07B0000044B0F5150910000F7D9FF040014F0DA0E3F0F0D00DA0007
:200760003FF00A005AF0911000F8D9FFB83F90FFD4FFDC0F1D00E5041D00E404910000F7AE
:20078000D9FF3C40DA0074FF910000F7D9FF0050DA0074FF910000F7D9FF0400DA0234FF48
:2007A0001D00D00491000027D9220050911000F8D9FFB44F54FFBB70710B9B1085034B0F4A
:2007C0004100910000F7D9FF14C44861530825F0910000F7D9FF149010FF09FF0A096B0FDF
:2007E00031F1910000F7D9FF005054F16BF061F1742F910000F7D9FF005054F58206820788
:2008000002846D00A80F910000F7D9FF3C4054FF911000F8D9FFB84F54F03F0F0A806D00FE
:200820009B43910000F7D9FF0400DA0334FF1D00890491000027D92214C4910000F7D9FFD1
:20084000005054F0910000F7D9FF14C4486F4BF051F07B0000044B0F41F07B0004044B0FB2
:2008600051F06C22910000F7D9FF14C4482449A4000A6D00FD46910000F7D9FF0400DA041C
:2008800034FF1D005F04910000F7D9FF3C40DA0074FF910000F7D9FF3440DA0074FF9100CA
:2008A00000F7D9FF3440DA006CF191000027D9220050910000F7D9FF14C4487F67FFBFFF98
:2008C000742F910000F7D9FF005091000027D92214C44C276CF1910000F7D9FF005054F571
:2008E0008206820702846D00360F910000F7D9FF0400DA0534FF1D002504910000F7D9FF93
:200900003C4054FF8F1F0001534020F0910000F7D9FF344010FF534020F091000027D9227D
:20092000344010225421530825F091000027D92214901022092F0A096B0F21F174FF5340C6
:2009400020F0910000F7D9FF005010FF54F58206820702846D00FF0E910000F7D9FF3C4092
:2009600054F0911000F8D9FFBC4F54FF061F3FF00A806D00F142910000F7D9FF0400DA06A2
:2009800034FF1D00DF03910000F7D9FF3440481F910000F7D9FF344054F06B0031FF911096
:2009A00000F8D9FFBC4F54F04B006101BB70711B9B1185134B1041004B0F5100910000F7A1
:2009C000D9FF14C4487F4B0F51F0910000F7D9FF14C47B0000044B0F41F07B0004044B0FE6
:2009E00051F06CF3910000F7D9FF14C448C502846D006A0E910000F7D9FF14C4483449A406
:200A0000000A6D003546910000F7D9FF0850DA0074FF910000F7D9FF3C40DA0074FF910025
:200A200000F7D9FF0400DA0734FF1D008B034B9541F07B0000044B0F51508206910000F789
:200A4000D9FF085054F702846D00850E7B0000F44BF901F016068B0F20F26E19910000F71A
:200A6000D9FF0C50534824F091000027D92208701022092450096D00604874F2910000F7AD
:200A8000D9FF0400DA0834FF1D005C031D005A03910000F7D9FF085091100028D922805F14
:200AA000542FBB70710B9B10850391000027D922085054216B0F61F174FF8206910000F70A
:200AC000D9FF085054F702846D00450E910000F7D9FF085054FF3BB0FD009B9024044B0FB5
:200AE00001F016068B0F20F26E07910000F7D9FF0400DA0934FF1D002503534824F09100C9
:200B000000F7D9FF087010FF09F450096D001548910000F7D9FF0C5054FF6B0F31F24B0F59
:200B200031018E09910000F7D9FF14C4DA0189FF24193C08910000F7D9FF14C482FF89FF8F
:200B400024194B0041F17B0070144B1F51F082014B1F01F0AE2A4B0041F17B0070044B0FB5
:200B600051F067FFBFFF3C074B0041F17B0070044B0F51F0910000F7D9FF14C47B001004FF
:200B80004BF051406D00EF574B0271F16CF1910000F7D9FF14C4481F4B0F614149A4000A38
:200BA0006D006645910000F7D9FF14C409FF24194B0F414149A4000A6D005A45910000F739
:200BC000D9FF0400DA0A34FF1D00BC02910000F7D9FF0850DA0074FF910000F7D9FF3C4066
:200BE000DA0074FF910000F7D9FF1050DA00B4FF910000F7D9FF1450DA0074FF910000F7C2
:200C0000D9FF0400DA0B34FF1D009C02910000F7D9FF105094F0910000F7D9FF14C4481F42
:200C2000530F28F07FF07F80910000F7D9FF145054FF4BF901F0370F61F16E5E910000F794
:200C4000D9FF145091000027D9221450542F3BB0FD009B900C0491100028D922805F542183
:200C60007B0030244B2141104B1051006B0021FF74FF910000F7D9FF085054FF7B00700444
:200C80004B0F4100910000F7D9FF14C4481F4B0F61F13BB0FD109B910C144B1F41F04BF054
:200CA00051F04B0F3111534824F0910000F7D9FF087010FF09F00209A210FA00BB0000183E
:200CC000031F0A00910000F7D9FF105094FF534F20F0910000F7D9FF0800D4FF10FF74F035
:200CE000910000F7D9FF105091000027D9221050942FC21FB4FF910000F7D9FF0850911071
:200D00000028D922805F542FBB70710B9B10850391000027D922085054216B0F61F174FFB5
:200D20003C35910000F7D9FF085091000027D9220850542F91100028D922805F5420BB70BA
:200D4000711B9B1185136B1071FF74FF910000F7D9FF3C40DA0074FF910000F7D9FF10507C
:200D600091000027D9221050942FC2FFB4FF910000F7D9FF1450DA0074FF910000F7D9FFB8
:200D80000400DA0C34FF1D00DD018206910000F7D9FF085054F702846D00DD0C1D00D201E4
:200DA000910000F7D9FF105094FFBF0F9100910000F7D9FF145054FF4BF901F0370F61F19D
:200DC0006E70910000F7D9FF145091000027D9221450542F3BB0FD009B900C0491100028EB
:200DE000D922805F54217B0030244B2141104B1051006B0021FF74FF910000F7D9FF0850B6
:200E000054FF7B0070044B0F4100910000F7D9FF14C4481F4B0F61F13BB0FD109B910C1466
:200E20004B1F41F04BF051F04B0F3111534824F0910000F7D9FF087010FF09F00209A210B3
:200E4000FA00BB000018031F0A00910000F7D9FF105094FF534F20F0910000F7D9FF08002C
:200E6000D4FF10FF91000027D9221050942F534F20F091000027D9220800D4221022542FA2
:200E800042F0DA024BF0010274F0910000F7D9FF105091000027D9221050942FC2FFB4FF98
:200EA000910000F7D9FF085091000027D9220850542F91100028D922805F5420BB70711B1E
:200EC0009B1185136B1071FF74FF3C0B6D004440910000F7D9FF0400DA0D34FF1D0032016A
:200EE0008206910000F7D9FF085054F702846D00320C1D002701D20482003C13534020F0A7
:200F0000910000F7D9FF0800D4FF10FF54FF0BF000280B2440200B3550300B231048C2106A
:200F2000910000F7D9FF14C4481F530F28F03FF0E7FF910000C7D9CC14C4910000F7D9FF4E
:200F400014C4481F530F286082076DFF5EF989C22819910000F7D9FF14C409FF28194B0FB5
:200F6000414149A4000A6D0083433B000880910000F7D9FF0800D4FF54F053002800BB004D
:200F800000184B1011A282093C66D2000B011048028F325F82204B0F01223C39910000F78A
:200FA000D9FF14C4481FE29F530F2800DA804BF011024220CE0A910000F7D9FF14C448119C
:200FC000DA8003F10A003C13910000F7D9FF14C4481F530F28F0C2FF7F0F0A80910000F7F0
:200FE000D9FF14C44811DA8023F10A00534020F0910000F7D9FF0800D4FF10FF54FF0BF035
:2010000000080B0440400B155050C212DA024BF801023F02C57F0B8000686DFFF6F80B9A0C
:201020000000DA7F7F0F04808B001800534020F0910000F7D9FF14C410FF91000027D92205
:2010400014C4092F28190BF000080B02C0F089FF2C19C219DA803FF99AFF910000F7D9FF4C
:201060003C40DA0074FF910000F7D9FF1050DA00B4FF910000F7D9FF1450DA0074FF9100B8
:2010800000F7D9FF0400DA0E34FF3C5B910000F7D9FF105094F0DA807FF03C80910000F77A
:2010A000D9FF145054FF4BF901F0370F61F16E30910000F7D9FF145091000027D92214505B
:2010C000542F3BF026019B30A8036B0021FF74FF910000F7D9FF105094FF534F20F0910031
:2010E00000F7D9FF14C410FF09FF2C194B0F414149A4000A6D00BC42910000F7D9FF1050EF
:2011000091000027D9221050942FC21FB4FF3C17910000F7D9FF0400DA0034FF910000F719
:20112000D9FF14C4DA0189FF2019910000F7D9FFC874DA0174FF82146D00DF0D3C023C010F
:20114000910000F7D9FF3C4091000027D9223C40542FC21F74FF0090910000F7D9FF1C3071
:2011600054FF6E14910000F7D9FF0000DA0034FF910000F7D9FF1C30D4F46D007F0F91002D
:2011800000F7D9FF1C30A002F4F2910000F7D9FF080054FFEE0A910000F7D9FF08003B0056
:2011A000C0436D00980FF4F2910000F7D9FF14C4DA0189FF2419910000F7D9FF14C4DA0048
:2011C00089FF2019910000F7D9FF0400DA0134FF009091000027D9221850910000F7D9FFD1
:2011E00014C448DF370F68F0742F910000F7D9FF185091000027D92214C44C2D370F68F045
:201200006CFE910000F7D9FF1850DA0089FF3608910000F7D9FF1850DA0189FF2E189100FA
:201220000047D9441850910000F7D9FF14C409F410196D000C05910000F7D9FF185049F401
:20124000380A910000F7D9FF14C409F410196D00FE04009020080248534824F0910000F746
:20126000D9FF087010FF4869534824F0910000F7D9FF087010FF487A534824F0910000F7CF
:20128000D9FF087010FF488B534824F0910000F7D9FF087010FF489C6D00BE0BDF22BD822C
:2012A000538823F0910000F7D9FF185010FF54F0DA003E0CDA015F0F7400DA025F0F3201C7
:2012C000DA035F0FAE011D008302910000F7D9FF14C409FF0819BB70710B9B1085034B0FDD
:2012E00041F082004B0F01F06F2F11807B0000F8910000F7D9FF14C409F00819BB70711B45
:201300009B1185136B10711F3C0D910000F7D9FF14C409FF0819BB70710B9B1085034B0FA0
:201320004110538823F0910000F7D9FF185010FF4830538823F0910000F7D9FF185010FF5A
:20134000489F6B0F31006711BFFF4BF001F0AE246711BFFF3C02020F4BF101F0370F61F07E
:201360006E023C0A6711BFFF4BF001F0AE246711BF1F3C020201538823F0910000F7D9FF9E
:20138000185010F2538823F0910000F7D9FF185010FF489F6B0121FF6C291D001A0291004C
:2013A00000F7D9FF14C409FF0C19BB70710B9B1085034B0F41F082004B0F01F06F2F1180F8
:2013C0007B0000F8910000F7D9FF14C409F00C19BB70711B9B1185136B10711F3C0D910064
:2013E00000F7D9FF14C409FF0C19BB70710B9B1085034B0F4110538823F0910000F7D9FF46
:20140000185010FF4820538823F0910000F7D9FF185010FF488F6B0F31006711BFFF4BF035
:2014200001F0AE246711BFFF3C02020F4BF101F0370F61F06E023C0A6711BFFF4BF001F088
:20144000AE246711BF1F3C020201538823F0910000F7D9FF185010F2538823F0910000F7F5
:20146000D9FF185010FF488F6B0121FF6C28538823F0910000F7D9FF185010FF91000027A9
:20148000D92214C44C2BBB70710B9B1085034B0151004B0F41F06CF9910000F7D9FF34B057
:2014A00014FF6F1F3D80538823F0910000F7D9FF185010FF482F6B0A31FF82004B0F01F020
:2014C000AE2E538823F0910000F7D9FF185010FF482F6B0A31FF67FFBFFF3C0B538823F0F6
:2014E000910000F7D9FF185010FF482F6B0A31FF910000F7D9FF14C409F000194B0F01F064
:20150000370F61F06E0C910000F7D9FF34B091000027D92234B0142F960234FF1D0059015A
:20152000538823F0910000F7D9FF185010FF4810538823F0910000F7D9FF185010FF487F02
:201540006B0F3100538823F0910000F7D9FF185010FF4821538823F0910000F7D9FF1850FC
:2015600010FF488F6B0F3111538823F0910000F7D9FF185010FF09F22A09538823F0910057
:2015800000F7D9FF185010FF09FF2E094B1F41F06B02610F538823F0910000F7D9FF185098
:2015A00010FF91000027D92214C44C2B4B0F41F06CF9538823F0910000F7D9FF185010F272
:2015C000BB70711B9B118513538823F0910000F7D9FF185010FF488F6B1061FF6C2853882A
:2015E00023F0910000F7D9FF185010F2538823F0910000F7D9FF185010FF4880BB70711BCA
:201600009B118513538823F0910000F7D9FF185010FF487F6B1061FF6C271D00DA005388BA
:2016200023F0910000F7D9FF185010FF09FF68086E40538823F0910000F7D9FF185010FFD5
:20164000DA0089FF2808910000F7D9FF14C409FF181974AF910000F7D9FF14C409FF1C19EF
:201660007801530824F0910000F7D9FF506410F4538823F0910000F7D9FF185010FF481449
:20168000538823F0910000F7D9FF185010FF4875538823F0910000F7D9FF185010FF488635
:2016A000910000F7D9FF14C409F714196D009E53530824F0910000F7D9FF506410FF09FFCD
:2016C0007C086E44910000F7D9FF34B014FF6F1F3D80538823F0910000F7D9FF185010FF6D
:2016E000481F6B0931FF82004B0F01F0AE2E538823F0910000F7D9FF185010FF481F6B0996
:2017000031FF67FFBFFF3C0B538823F0910000F7D9FF185010FF481F6B0931FF910000F7D6
:20172000D9FF14C409F004194B0F01F0370F61F06E0C910000F7D9FF34B091000027D92290
:2017400034B0142F960234FF3C43530824F0910000F7D9FF506410F46D00C952538823F01B
:20176000910000F7D9FF185010FF530824F091000027D92250641022542F6CF7538823F0B6
:20178000910000F7D9FF185010F2530824F0910000F7D9FF506410FF481F6C28538823F004
:2017A000910000F7D9FF185010F2530824F0910000F7D9FF506410FF4820910000F7D9FF05
:2017C00014C448BF4BF041F06C293C023C01538823F0910000F7D9FF185010FF4881538845
:2017E00023F0910000F7D9FF185010FF54F0BF201300538823F0910000F7D9FF185010FF04
:20180000487F6B09310F910000F7D9FF14C4488F6B0F61113C38538823F0910000F7D9FF90
:20182000185010FF481F53482400910000F7D9FF087001F000F609F006094B0041017B003C
:2018400070144B1051006B00310F7B00F0F34BF001F0370F61F16E057B00F8F36B0F310007
:201860007B00F0FB4BF001F0370F61F06E057B00F8F36B0F2100910000F7D9FF14C4488FBC
:201880004B0F4110910000F7D9FF14C4485F67FFBF0F4B0101F0AE29910000F7D9FF14C43E
:2018A000485F67FFBF0F3C020210910000F7D9FF14C4485F4B0F01F0370F61F06E07910036
:2018C00000F7D9FF14C448503C14910000F7D9FF14C4485F67FFBFFF4BF101F0AE299100E1
:2018E00000F7D9FF14C4485F67FFBF0F3C020210538823F0910000F7D9FF185010FF489970
:20190000820D538823F0910000F7D9FF185010FF54FFBF1F16006B0A31D0910000F7D9FF56
:2019200014C4489F6BDF6109538823F0910000F7D9FF185010FF09FF32096B0F2190538826
:2019400023F0910000F7D9FF185010FF54FFFF1F3200910000F7D9FF14C4485F6B0A310F66
:20196000910000F7D9FF14C4489F4BF04100910000F7D9FF14C4485F67FFBFFF6B0A311F04
:20198000910000F7D9FF14C4489F4BF141104B1901F0AE23021F3C02029F4BF001F0370F03
:2019A00061F06E0302093C064B1901F0AE2302193C01910000F7D9FF14C448EF6E369100F6
:2019C00000F7D9FF000014FF6E30534824F0910000F7D9FF087010FF09FF06093B803801E6
:2019E000E20F4B0F61F17B0070044B0F51406D008B5002246D003D403B8038F13FF2038080
:201A00008202532220F0910000F7D9FF1C30D4FF10FF94FF4B0F41F13B0000049BC0590419
:201A20004B0F51F06B0F2199820A910000F7D9FF14C4484F4BF90100370061F16E07821A9D
:201A4000910000F7D9FF14C44849910000F7D9FF14C4484F67FFBFFF4BF901F0370F61F0FE
:201A60006E09821A910000F7D9FF14C4484F67FFBF9F74AC820502840B9B10686D00BD0249
:201A8000538823F0910000F7D9FF185010FF54FF4EFC538823F0910000F7D9FF185010FF1F
:201AA000DA0089FF32093C3BDF0A1B00538823F0910000F7D9FF185010FF538823F09100CA
:201AC0000027D92218501022092F32093B400A079BD0F7034B0F41F089FF32093C20538861
:201AE00023F0910000F7D9FF185010F2910000F7D9FF14C448AFBB70710B9B1085034B0FA6
:201B00004100538823F0910000F7D9FF185010FF09FF32096BD061FF892F32090090404FCF
:201B20000D00400309FF7608534F24F091000027D92208701022092818096D006D07DF4268
:201B4000138009FF7608534F24F091000027D92208701022092F06094B0F41F17B00700497
:201B60004B0F51806818DA006CF2DA006CF36848DA006CF5DA006CF66878DA006CF8DA002A
:201B80006CF9DA0089FF3209DA0089FF280809FF7608530F24F091000027D922506410221C
:201BA000DA01892F3C0809FF7608530F25F091000027D92214901022DA00892F061909FF0F
:201BC0007608530F25F0910000F7D9FF149010FFDA0089FF0A190D00000300900D00400388
:201BE00074446DFF9EFF0D00000382023C010090404F6D001107DF2203003C2754FF820073
:201C00003E0882103E0982203E0A82303E0B3C10486F6CF33C0E485F6CF23C0B484F6CF1D4
:201C20003C08484F6CF1DA0189FF28083C023C01910000F7D9FF34B091000027D92234B083
:201C4000142FB70F81F034FF00903BB0FDF09B9F0CF44BF441F07B0000044B0F41F0894FE3
:201C60002E09094F2E0909402E094B0F41F07B00E8034B0F41F0894F2A09009082023C63E4
:201C8000534224F0910000F7D9FF087010FFDA1434FF534224F0910000F7D9FF087010FF03
:201CA000D20089F05009534224F0910000F7D9FF087010FFDA006CFA534224F0910000F77F
:201CC000D9FF087010FFDA006CFB3B402700534224F0910000F7D9FF087010FF4B0041F1B5
:201CE0007B0000144B1F41F06CFC534224F0910000F7D9FF087010FF4B0041F17B000014B6
:201D00004B1F41F04B0041017B0000144B1041004B0F41F07B00E8034B0F41F06CFD5342F6
:201D200024F0910000F7D9FF087010FFBB0020F99B0F8CF4BB70710B9B1085034B0F41F045
:201D40006CFFC212BF229E7F6D00BF570090404F09FF4018EE0782046D00165789F2020969
:201D60003C0682146D00105789F2020991000027D92214C4092F24195EF83BF0FFF709F0C1
:201D80000209A20F89FF020909F0020991000027D92214C4092F2819A2F03C04BB0000F867
:201DA000A2F0BB0000F83F0FFB7F3C04BB0000F842F0BF00FD7F89F0060914FF6E0A14FF90
:201DC000C2FF34FF09FF060989FF0A091D00F20009FF0A090BF0808089F00A093C04BB00B1
:201DE00000F8A2F83B0000F43F8FFB7F3C04BB0000F842F83B0000FC3FF8FB7F48BFBB7093
:201E0000710B9B10850348A16B0F61F16CFA910000C7D9CC109009FF06094B0F41F148A4CC
:201E20006D00A24B6B0231FF74CF3C0F91000027D922109091000047D9441090544F7B0017
:201E400070046B0031FF742F91000027D9221090542F7B0068044B0F01F06F2FE9FF3C0FF7
:201E600091000027D922109091000047D9441090544F7B0070046B0021FF742F9100002702
:201E8000D9221090542F7B00680C4B0F01F06F0FE9FF48CFBB70710B9B1085034B0F4100F8
:201EA00091000027D9221090542148AF6B1061FF6CFA3C0748AF7B0070046B0031FF6CFAF8
:201EC00048AF7B0070044B0F01F06F2FF5FF3C0748AF7B0070046B0021FF6CFA48AF8200AC
:201EE0004B0F01F06F0FF6FF48DFBB70710B9B1085034B0F410091000027D92210905421C0
:201F000048BF6B1061FF6CFB48BF82004B0F01F0AE2548BF67FFBFFF3C0248BF48F04B0FCF
:201F200001F0370F61F06E03DA006CFB09F050090B8000280B2040000B31501089F0500989
:201F400009F450096D00F93D7B0070F44BF251F06CF648BF7B0070044B0F51F06CF7910044
:201F60000027D92214C44C214B0F61F13BB0FD009B900C044B0F41F009F006094B0041010B
:201F80004B0F41F07B0070044B0F51F06CF891000027D92214C44C214B0F61F13BB0FD003C
:201FA0009B900C044B0F4100487F4BF041F06CF90090404F14FF6E023C1E0D004003DA008D
:201FC00089FF1609DA0089FF1A09DA0089FF2609DA0089FF2A09DA0089FF2E09DA0089FFB4
:201FE0000619DA0089FF0A196D00B637DA0134FF0D000003009020180B4510880B6710A8EB
:2020000009AC1809530825F0910000F7D9FF149010FF09F40A09530825F0910000F7D9FF87
:20202000149010FF09F50E09530825F0910000F7D9FF149010FF09F6120949A4000A49A556
:20204000040A6D00AC3A54A409A5040949A4080A49A50C0A02B66D00313B58026B0F31993A
:2020600058036B0F31AA530825F0910000F7D9FF149010FF09F03E09530825F0910000F7F5
:20208000D9FF149010FF09FF06196B09610F530825F0910000F7D9FF149010FF09F13E09E6
:2020A000530825F0910000F7D9FF149010FF09FF0A196B1A611F7B00FC23530825F09100D2
:2020C00000F7D9FF149010FF09FF06094BF251F04BF041D04BF141E0BB1084F89B7FF4F3F8
:2020E0004BEE41006BDD61406D00A24D4B2F51F07B00F8034B0F01006F004980530825F0ED
:20210000910000F7D9FF149010FF530825F091000027D92214901022092F0219BB70710BB9
:202120009B1085034B0F4100530825F091000027D92214901022092F06196B0961FF89FF25
:202140000619530825F0910000F7D9FF149010FF530825F091000027D92214901022092FAC
:202160000219BB70710B9B1085034B0F4100530825F091000027D92214901022092F0A197B
:202180006B0A61FF89FF0A193C354BFD41D04BFE41E0530825F0910000F7D9FF149010FF08
:2021A000530825F091000027D92214901022092F06193B400A079BD0F7034B0F41F089FFCB
:2021C0000619530825F0910000F7D9FF149010FF530825F091000027D92214901022092F2C
:2021E0000A193B400A079BD0F7034B0F41F089FF0A19BB7071FB9B1F85F36BFC616B49A4AC
:20220000100A49A5140A0BDE10486D00403ADF08998009A4100909A51409910000F7D9FF7F
:202220001490530825F010FF49F4320A910000F7D9FF1490530825F010FF49F5360A910070
:2022400000F7D9FF1490530825F010FF49F63A0A6D008F3ADF0274803B200290910000F789
:20226000D9FF1490530825F010FF09FF3209910000F7D9FF003054F03B00E2144B101102AD
:202280004B0061017B0000144B1051406D003F3C4B0261014B0F41406D00393C0B921048CD
:2022A0006D00CE5C3BE00190910000F7D9FF1490530825F010FF09FF3609910000F7D9FFB1
:2022C000003054F03B00E2144B1011024B0061017B0000144B1051406D00193C4B02610152
:2022E0004B0F41406D00133C0B9210486D00A85C3B800190910000F7D9FF1490530825F021
:2023000010FF09FF3A09910000F7D9FF003054F03B00E2144B1011024B0061017B000014B4
:202320004B1051406D00F33B4B0261014B0F41406D00ED3B0B9210486D00825C1D00970003
:2023400009A4100909A51409530825F0910000F7D9FF149010FF49F4320A530825F09100EF
:2023600000F7D9FF149010FF49F5360A530825F0910000F7D9FF149010FF49F63A0A6D00EA
:20238000F839DF0274803BC00690530825F0910000F7D9FF149010FF09FF3209910000F758
:2023A000D9FF003054F03B00E2144B1011024B0061017B0000144B1051406D00A83B4B026D
:2023C00061014B0F41406D00A23B0B9210486D00375C3B800690530825F0910000F7D9FF60
:2023E000149010FF09FF3609910000F7D9FF003054F03B00E2144B1011024B0061017B0048
:2024000000144B1051406D00823B4B0261014B0F41406D007C3B0B9210486D00115C3B409A
:202420000690530825F0910000F7D9FF149010FF09FF3A09910000F7D9FF003054F03B0029
:20244000E2144B1011024B0061017B0000144B1051406D005C3B4B0261014B0F41406D00F5
:20246000563B0B9210486D00EB5B530825F0910000F7D9FF149010FF580389FF1609530843
:2024800025F0910000F7D9FF149010FF530825F091000027D9221490102209201A09530874
:2024A00025F091000027D9221490102209211A0958036B0F31F1BBA0701D9B31C2136B1F27
:2024C00071F089FF1A09530825F0910000F7D9FF149010FF580289FF1E09530825F0910063
:2024E00000F7D9FF149010FF530825F091000027D9221490102209202209530825F091000C
:202500000027D922149010220921220958026B0F31F1BBA0701D9B31C2136B1F71F089FF7C
:202520002209530825F0910000F7D9FF149010FF09A0080958034BFE41F06B0D61FF89FFFE
:202540002609530825F0910000F7D9FF149010FF530825F091000027D922149010220920A7
:202560002A09530825F091000027D9221490102209212A0909A2080958034BFE41F06B2DA9
:2025800061FF6B0F31F1BBA0701D9B31C2136B1F71F089FF2A09530825F0910000F7D9FF40
:2025A000149010FF530825F091000027D9221490102209200609530825F091000027D92214
:2025C00014901022092F2A094BF041F089FF2E090090404F14FFEE023C180D004003DA00EF
:2025E00089FF1609DA0089FF1A09DA0089FF2609DA0089FF2A09DA0089FF2E096D00AC34A3
:20260000DA0034FF0D000003009082083C59530825F0910000F7D9FF149010FFDA0034FF5E
:20262000530825F0910000F7D9FF149010FFDA0089FF0209530825F0910000F7D9FF149036
:2026400010FFDA0089FF0609530825F0910000F7D9FF149010FFDA0089FF1609530825F086
:20266000910000F7D9FF149010FFDA0089FF1A09530825F0910000F7D9FF149010FFDA0065
:2026800089FF2609530825F0910000F7D9FF149010FFDA0089FF2A09530825F0910000F773
:2026A000D9FF149010FFDA0089FF2E09910000F7D9FF14C448C502846D000600C218BF28F7
:2026C000A87F00903BB0FDF09B9F0CF44BF54100530425F0910000F7D9FF149010F29100AD
:2026E00000F7D9FF14C4483F4B0F41F0892F3E09530425F0910000F7D9FF149010F291001F
:2027000000F7D9FF14C4482F910000F7D9FF14C448304B0F51F0892F0219530425F0910080
:2027200000F7D9FF149010FF09FF02197BA04F044B0F01F0370F61F16E0C530425F091002C
:2027400000F7D9FF149010FF7BA04FF489FF0219009020080B4710887B00FC03530825F06A
:20276000910000F7D9FF149010FF09FF06094BF051F04BF541A04BF641B0BB1084F89B7FFF
:20278000F4F34BBB41006BAA61406D00514A4B2F51007B00F8F34BF001F0370F61F06E05E6
:2027A0004B0A41A04B0B41B049A4000A49A5040A0BAB104802966D006A37DF08988054A4FE
:2027C00009A50409910000F7D9FF1490530825F010FF49F4320A910000F7D9FF14905308E3
:2027E00025F010FF49F5360A910000F7D9FF1490530825F010FF49F63A0A6D00BA37DF02F2
:2028000074803B200290910000F7D9FF1490530825F010FF09FF3209910000F7D9FF003081
:2028200054F03B00E2144B1011024B0061017B0000144B1051406D006A394B0261014B0F74
:2028400041406D0064390B9210486D00F9593BE00190910000F7D9FF1490530825F010FF0A
:2028600009FF3609910000F7D9FF003054F03B00E2144B1011024B0061017B0000144B1007
:2028800051406D0044394B0261014B0F41406D003E390B9210486D00D3593B8001909100E4
:2028A00000F7D9FF1490530825F010FF09F83A09910000F7D9FF003054F03B00E2144B1082
:2028C00011024B0061017B0000F44BF051406D001E394B0261F14BF841406D0018390B927B
:2028E00010486D00AD591D00960054A409A50409530825F0910000F7D9FF149010FF49F4E7
:20290000320A530825F0910000F7D9FF149010FF49F5360A530825F0910000F7D9FF149006
:2029200010FF49F63A0A6D002437DF0274803BC00690530825F0910000F7D9FF149010FF54
:2029400009FF3209910000F7D9FF003054F03B00E2144B1011024B0061017B0000144B102A
:2029600051406D00D4384B0261014B0F41406D00CE380B9210486D0063593B800690530886
:2029800025F0910000F7D9FF149010FF09FF3609910000F7D9FF003054F03B00E2144B1068
:2029A00011024B0061017B0000144B1051406D00AE384B0261014B0F41406D00A8380B9215
:2029C00010486D003D593B400690530825F0910000F7D9FF149010FF09F83A09910000F73C
:2029E000D9FF003054F03B00E2144B1011024B0061017B0000F44BF051406D0088384B028A
:202A000061F14BF841406D0082380B9210486D0017590090910000F7D9FF3CB014F23C0188
:202A200000900248910000F7D9FF3CB0081F910000F7D9FF3CB014F0BE056D009F02910097
:202A400000F7D9FF3CB0082F6E0D91000027D9223CB0910000F7D9FF3CB0081F342F6D0027
:202A60001E02534824F0910000F7D9FF087010F46DFF6FF97B0014043C01530825F0910006
:202A800000F7D9FF149010FF89F00209530825F0910000F7D9FF149010FF530825F09100AC
:202AA0000027D9221490102209210609530825F091000027D92214901022092F06096B003A
:202AC00031FFBBD0CC0C9BC0D4036B0F71F189FF0609370868F0EE1582246D002B5137025C
:202AE00050F0910000F7D9FF043094F0A20F4B0F41F13B1084009B40B8034B0F41003C16EF
:202B00003B5008406D001651370250F0910000F7D9FF083094F0A20F4B0F41F13B1084006D
:202B20009B40B8034B0F41003C01530825F0910000F7D9FF149010FF6700BFFF89FF0A09E4
:202B4000370868F0EE1582146D00F450370250F0910000F7D9FF0C3094F0A20F4B0F41F1BE
:202B60003B1084009B40B8034B0F41003C163B4008406D00DF50370250F0910000F7D9FFCB
:202B8000103094F0A20F4B0F41F13B1084009B40B8034B0F41003C01530825F0910000F7FF
:202BA000D9FF149010FF6700BFFF89FF0E09530825F0910000F7D9FF149010FF530825F0D3
:202BC00091000027D92214901022092F0A096700BF0F6B0021FF67FFBFFF89FF1209910009
:202BE00000F7D9FF3CB014FF82003E088220BE0182303E0582403E073C103C1002846DFF58
:202C000085ED3C0C82046DFFC0EB82146DFFBDEB02846DFF21F33C023C010090910000F71A
:202C2000D9FF3CB0DA0034FF910000F7D9FF3CB0DA002CF1910000F7D9FF3CB0DA002CF23C
:202C4000910000F7D9FF34B0DA0034FF910000F7D9FF34B0DA002CF1910000F7D9FF38B0A0
:202C600091000027D92234B0092FC008B4FF0090910000F7D9FF38B014FF910000F7D9FFBF
:202C800034B014F03E0B910000F7D9FF38B091000027D92234B0142F34FF910000F7D9FF4E
:202CA00038B0081F910000F7D9FF34B008105F0F2300910000F7D9FF34B0081F6E1291009C
:202CC0000047D94414906DFF86FC910000F7D9FF149049F4101A6DFF7EFC82146D000D009D
:202CE000910000F7D9FF38B091000027D92234B00C212CF100908208910000F7D9FF3CB045
:202D000014FF82003E0582103E0F1D00B400DF140980910000F7D9FF3CB0DA012CF13C022D
:202D200082F81D00B300DA013E4CDA025F4F2500DA035F4F4E00DA045F4F6E001D009800AD
:202D400091000047D94414906DFF45FC910000F7D9FF149049F4101A6DFF3DFC910000F795
:202D6000D9FF0C00DA00B4FF910000F7D9FF3CB0DA012CF13C7E910000F7D9FF34B0081F79
:202D80006E0382E83C24910000F7D9FF14C409FF2019EE0382D83C1B91000047D944149044
:202DA0006DFF09F9910000F7D9FF149049F4101A6DFF01F9910000F7D9FF0C00DAC8B4FF13
:202DC000910000F7D9FF3CB0DA022CF13C52910000F7D9FF34B0081F6E0382E83C1B9100F2
:202DE0000047D94414906DFFE6F8910000F7D9FF149049F4101A6DFFDEF8910000F7D9FF74
:202E00000C00DAC8B4FF910000F7D9FF3CB0DA032CF13C2F910000F7D9FF34B0081F6E03C4
:202E200082E83C24910000F7D9FF14C409FF2019EE0382D83C1B91000047D94414906DFFA8
:202E4000BAF8910000F7D9FF149049F4101A6DFFB2F8910000F7D9FF0C00DAC8B4FF9100ED
:202E600000F7D9FF3CB0DA042CF13C0382F83C013C0CDF140980910000F7D9FF3CB0DA01BB
:202E80002CF13C0282F83C01910000F7D9FF3CB0DA002CF202823C010090910000F7D9FF2B
:202EA0003CB014FF82003E0C82103E0B82203E0A82305F0F370082405F0F37003C5C3C5C94
:202EC0003C5B91000047D94418506DFF2AF6910000F7D9FF185049F4380A6DFF22F6910016
:202EE00000F7D9FF34B091000027D92234B0142F960134FF910000F7D9FF34B0910000277F
:202F0000D92234B0142F960234FF910000F7D9FF38B091000027D92234B0142F34FF3C2C07
:202F20006DFF1CF13C2991000047D94418506DFFF8F5910000F7D9FF185049F4380A6DFF4A
:202F4000F0F56D00D13100000000000000000000000000000000000000000000000000001D
:202F600000000000000000000000000000006DFF7EEB3C023C010090910000F7D9FF3CB025
:202F800014FF82003E0D8210BE0282205F0F2B0082305F0F5F0082405F0F65003C6C910077
:202FA00000F7D9FF3CB0DA012CF23C66910000F7D9FF0C0009FFC0086E0E910000F7D9FFA3
:202FC0000C0091000027D9220C00092FC008C2FFB4FF3C07910000F7D9FF3CB0DA012CF22A
:202FE0003C4B91000047D94414906DFFF4FA910000F7D9FF149049F4101A6DFFECFA910009
:2030000000F7D9FF34B091000027D92234B0142FB70F01F034FF910000F7D9FF34B0910064
:203020000027D92234B0142FB70F81F034FF910000F7D9FF38B091000027D92234B0142FBB
:2030400034FF910000F7D9FF3CB0DA012CF23C146DFF22EB910000F7D9FF3CB0DA012CF2EA
:203060003C0B6DFF7BE9910000F7D9FF3CB0DA012CF23C023C010090BD042C00804F91108C
:2030800000F8D9FF845F54F0A20F60F44C41910000F7D9FF140054F0260F6E1B544FEE1987
:2030A0004C41910000F7D9FF140054F082F1C610260F6C41910000F7D9FF18009100002770
:2030C000D922180054204C4142F074F06D00DC0000900248A00C910000F7D9FF100054FFB4
:2030E000EE036D008400910000F7D9FF140054F02680DF007980768F911000F8D9FF845F5F
:2031000054F042088F7800F16E068F7800F18B8F00014208BF186880910000F7D9FF180021
:2031200054FF3F8F618091000027D92200C4910000F7D9FF00C4D4FF3C0340F2D4FF481F74
:203140007F8F048054FFEEFA91000047D9441000D4447D4F4900D42491100058D955845F6E
:20316000545F104CD4F4F424481FA28F91100028D922845F542006107FF00A8001F800465F
:20318000481FA28F6C4168186D007E0091000027D922180091000047D94418005440481FAC
:2031A000A2F0742091000027D9221800542F91000027D9221C0054207F0F0C809100002786
:2031C000D9221C0091000047D9441800544F742F481F91000027D92214005420A60F6CF1D1
:2031E000A002F4F240C23C0100903B000004910000F7D9FF00C080FF8F7F0011761BC27FA9
:20320000B70F03F0910000F7D9FF00C080F15211A21060FF91000027D92200C4742F910045
:203220000027D92200C4820189210409420F91100028D922845F5420A20FB70F03009100F7
:203240000027D922100074206002DA006C216002A004F42480FF5AF06CF174F0910000277F
:20326000D9221C00481F742F91000027D9221800481F742F910000F7D9FF14007B0000F871
:2032800074FF0090404F91000057D95500C43C02D455545F80F03F0FFDFF4C5110527DF280
:2032A00007804C514810420F6C51405F481F10F2D4547D421B80D45291000047D9441000CF
:2032C000D4447D420C00481FD45209200409420F6CF1D452D422F4F23C0791000027D922A2
:2032E0001000D422F4F23C03D452F4F27DF50300F45F0090404F6D00E02A022F02F46D00A5
:20330000DC2914F0B700010034F002F46D00F52A0090DA0C7FF40B00538420F0911000F8D2
:20332000D9FFD85F10FFD4F23C02A0023C0100902010094F4C18161F3C0182003E07822035
:203340003E0782405F0F28003C2982023C298202911000F8D9FF0C6149FF000A49A2000AD9
:20336000A0F404FF242FFC4E913000FF39FF0016160F6E0F82246D001A24913000FF39FF20
:203380000016160F10AF14FF4B0F61F14BF251203C013C066D00A0223C0382023C013C01DB
:2033A000009082F282003C17538020F0911000F8D9FFD85F10FFD4FF7D4F0D80538020F08B
:2033C000911000F8D9FFD85F10FF481F370F48203C04C210BFC0EAFF3C010090404F40F417
:2033E0006DFFA8FF09FFD408370F6CF0C21F4B0F41F14BF251203C0100906DFFD4FF53C2F8
:2034000020F060FF9140003F30F3D93F101849F2080A3C0100906DFFC6FF53C220F060FFFB
:203420009140003F30F3D9321018B0423C0100906DFFB9FF53C220F060FF9140003F30F38C
:20344000D93210183C010090494F081A3C0554FF345FB015C2F4FF14FCFF02423C010090F1
:203460002010404F0B541088026A89A7080909FF4C18161F78033C0140F46DFFB1FFC21866
:203480008B4860F3370F68F074AF8B1A60F3370F68F0780154AF4B0F61F14BF941503BF087
:2034A00026F19B3FA8F34BF5413082044B5251004B00716182108F461FF06E0D7B001814A6
:2034C0004B1941104B1251104B0171118F411FF06E023C010269821882074B0061014B0297
:2034E00041F04B0661014B0F51006B0031F582014B1F01F0AE046B0031B53C056B0031F5F9
:2035000067FFBFBF4B3B01F016038B0F20F26E028214822D3C39DF2D05808210821E3C075B
:2035200073D70A004B8011028B1000E03C234B0D61A14BA241A0036D0AC04B0C61F14BFA2F
:2035400051C06B0C31F5820A4BAF01F0AE046B0C31A53C056B0C31F567FFBFAF4BAB01F0AE
:20356000370F61F16E0602AB02D8036D0A900207C2107F0EDEFF4B3B01F016038B0F20F22D
:203580006E023C09C21DF647736D0AF03BF0FF007FF0C3FF820440F46D00360009FFE008D8
:2035A00037097000370F0CF089FFA00809FFE20837087000370F0CF089FFA20809F056087D
:2035C00054AFC2FF370F68F037F004F089FF160809F05708580137F004F089FF17085802FB
:2035E0006E03DA013C02DA0009F0570837F081F389FF170840F409A40C096D0005008212D1
:203600003C010090094F4C18374F05F0894F0C18F6493C01094F4F18370FE1F33C01EEFB2F
:203620003C093C01094F4F18370FE1F33C01DF1FFBFF0090494F041A3C0A145F74FFB015C3
:20364000C2F43C010C4E161FFF1FFE7FFF14F7FF02423C0100902008F4A4405DD4DFF44FE0
:2036600040F46DFF49FE820440F46DFFCDFFDA0009F05A0837F002F089FF1A0809DFC808C1
:2036800009F0D408C2FF370F70F037F00CF0ACFA09D46C0840F46DFFB7FF09D4040909D5B6
:2036A0004A0809D64D0809D74C0840F46DFFDAFE0228820440F46DFFA7FF09DF7C086E0305
:2036C00082103C028200087F370F01F22CF709DF56086E03DA013C02DA0009F05B0837F088
:2036E00001F389FF1B0809DF540809F05B0837F081F389FF1B0809DF510809F0590837F083
:2037000083F089FF190809DF530809F05B0837F001F289FF1B0809DF550809F05C0837F060
:2037200004F089FF1C0809D0580808CF370F02F32CFC09DF590809F0500837F002F389FF38
:20374000100809DF500809F0D80837F003F3ACFC09D05A0808DF8BF0200337006800370FCE
:2037600004F02CFD09DF5B0809F051088BFF20F3370F68F037F004F089FF110809D05D085A
:2037800008CF370F02F22CFC09DF5E0809F0500837F002F289FF100809DF520809F05A08F9
:2037A00037F002F089FF1A0809DCA809BD0C7900D4CEBD0E280009C0040809C95D084CE1A0
:2037C0006E2109E4840909E44808370068506D00A71009E4840909E4480802956D00D210F3
:2037E000D4E2DA016E0382103C0282000C27370F81F22C27D4E20CEC0920460837F002F0F8
:203800002C2609CE8809BD0E1E0009C00C0809C95D084CE16E1709E4840909E44808370051
:2038200068506D007D1009E4840909E4480802956D00A810D4E20CEC0920440837F003F026
:203840002C2409CE9009BD0E150009C5540809C95D0809E4840909E448080CECA6F56D00B0
:203860005F1009E4840909E4480802956D008A1009CE9809BD0E150009C55C0809C95D08C3
:2038800009E4840909E448080CECA6F56D00481009E4840909E4480802956D00731009D4FE
:2038A0006C0840F46DFFB0FEDA0089FF001982FF6CFFDA00D4A22C2E09DF6D082E0CDA01C3
:2038C0006E03DA013C02DA0009F0421837F001F089FF021809DF6D082E1CDA016E03DA01A9
:2038E0003C02DA0009F0421837F001F189FF021809DF6D082E2CDA016E03DA013C02DA00AC
:2039000009F0431837F001F189FF031809DF6D082E3CDA016E03DA013C02DA0009F043183D
:2039200037F081F189FF031809DF6D082E4CDA016E03DA013C02DA0009F0431837F001F3C6
:2039400089FF0318DA002C2DDA002C2C09DF7D082C2FD20089205409DA006C240C2F820098
:203960003E0482103E043C0682193C063BC000903C0382093C014CDC6E0C09D4B00909D46B
:20398000AE0802956D00A629D4A4894284093C0909D4AE0802956D008929D4A48942840970
:2039A0004CDE6E0C09D4B80909D4B40802956D009129D4A4894288093C0909D4B408029525
:2039C0006D007429D4A48942880909D9660809DFE208EE03DF19228040F46DFF1EFD09DFB9
:2039E000E2081420370F68F037F008F0342F0C21379F83F12C210C2396022C23DA016E0363
:203A0000DA013C02DA0009F0431837F001F289FF03180C2196042C2109DFE008EE03DF19D5
:203A2000228040F46DFF06FD09DFE0081420370F68F037F008F0342F0C21379F83F12C2159
:203A40000C2396022C23DA016E03DA013C02DA0009F0431837F081F389FF03180C219604B8
:203A60002C2109DFE4086E2140F46DFFC8FC09DFE4081420370F68F037F008F0342F0C21DD
:203A8000379F83F12C210C2396022C23DA016E03DA013C02DA0009F0421837F001F089FF47
:203AA00002180C2196042C21DA016E03DA013C02DA0009F0500837F081F089FF1008DA0135
:203AC0006E0382103C02820008CF370F81F02CFC09FF5008960189FF100808CF96012CFC40
:203AE00002823C010090F445DA00894F3C08DA02894F2C08DA01AC447B107EF46C41DA030C
:203B00002C4ADA002C4CDA032C4DDA00894F1008DA01894F1108DA01894F1208DA00894F72
:203B20001308DA00894F1608DA00894F1408DA07894F1508DA01894F1808DA01894F19084F
:203B4000DA00894F1A08DA00894F1B08DA00894F1C08DA00894F1D08DA00894F1E08DA005D
:203B6000894FA208DA00894FA008DA00894FA408DA00894F2608DAFF894F2D08A00FEC4A60
:203B8000A00FEC4EA00FEC4CDA00894FAE08DA00894FB408DA00894F3D080090D44F09FFCD
:203BA000760816013C016E0909FF7E08960189FF3E080C4E96012C4E09FF7608370F61F140
:203BC0003C016E0909FF7E08960489FF3E080C4E96022C4E09FF7708370F61F13C016E09FC
:203BE00009FF7F08960489FF3F080C4E96042C4E09FF7708370FE1F13C016E0909FF7F087D
:203C0000960889FF3F080C4E96082C4E09FF7708370F61F33C016E0909FF7F08964089FF03
:203C20003F080C4E96102C4E0090404F6D004526022F02F46D004125821074F002F46D0079
:203C40005C263C0114FF370FE1F0BA0F3C01DF1FFB7F0090404F6D003026022F02F46D0087
:203C60002C2514F0B700010034F002F46D0045263C0114FF370FE1F0BA0F3C016EFB0090DF
:203C8000FF240B00538420F0911000F8D9FFDC8F10FFD4F23C02A0023C01009082F28200BB
:203CA0003C17538020F0911000F8D9FFDC8F10FFD4FF7D4F0D80538020F0911000F8D9FF63
:203CC000DC8F10FF481F370F48203C04C210BF20EAFF3C01009002486DFFE2FF914000FF47
:203CE000D9FF00B8530221F010FF534820F010F23C0100907643DF140980094F6C28375F8E
:203D000002F0894F2C283C42DF240400DF340980094F6C28375F02F1894F2C283C37DF442D
:203D20000400DF540980094F6C28375F02F2894F2C283C2CDA0C7E48094F6C28375F02F396
:203D4000894F2C283C23DA0A3E43DA0D7E48094F6D28375F02F0894F2D283C18DF64040089
:203D6000DF740980094F6D28375F02F1894F2D283C0DDA083E43DA097E48094F6D28375FEC
:203D800002F2894F2D283C0200A00090404F0B451088026A6D003C1F022B4B8B51406D00E8
:203DA000B62E022082033C0782224B200102F6023C05C213DA103FF3F9FFDA107FF34B80DA
:203DC00076A682204B0911029AF03C029AF9370F700009F1E4083701100089F0A408DA017F
:203DE0008200820137F101133701011789F138198F7300F182005380201082700F100000DE
:203E000009F2301982F4C64026020F1F00F0A6F289F230198F8300F18B0F20F26E0DDA003C
:203E2000538F20F0C23F82100FF0000009FF3019A60F89FF301909FF701837AF81F389FFB5
:203E40003018DA010F3F00F04B0F61F14BFB51203C0282023C010090094054080C5C8B4F28
:203E6000A0F237F001F3894F1408094051080C5C37F002F3894F11080090404F024F0258C0
:203E80006D00C61E02294BF951406D00402E022082033C0782224B200102F6023C05C213EC
:203EA000DA103FF3F9FFDA107FF33F80C2F83708700009F1D4183701100089F09418820095
:203EC00082118202370201233712012789F238198F7300F182105380201082700F10000098
:203EE00009F2301982F4C64026020F1F00F0A6F289F230198F8300F18B0F20F26E0DDA015B
:203F0000538F20F0C23F82100FF0000009FF3019A60F89FF3019DA010F3F00F04B0F61F181
:203F20004BF951203C0282023C010090094054080C5C8B4FA0F237F081F3894F14080940EC
:203F400054080C5C37F002F0894F14080090404D405FC86C89DC900914CF370FE1F0BA0FDF
:203F60003C01EE0440C46DFF77FE09FF5C081E1409FF5D086E5CDA0182100FF000004CC1DF
:203F8000260F6E03DA013C02DA003C01EE08DA0182100FF000004CC1A60F6CC109FF690881
:203FA0006E2248BF6E05C864C8B56DFFC1FFDA0109F07008532F2010C22182320F1200204C
:203FC0004CC582F3C632262F0F100000A60F6CC5483F370F70F009C0D41837F010F089CFA8
:203FE00094183C064824483540C46DFF48FF09FFF80809C0D01837F010F089CF901809FF4B
:204000005D186E1409FF5D08EE1109FF7A0809C0741837F003F189CF341809FF7B0809C04B
:20402000741837F082F289CF34183C0109FF5C086E0709FF5D18EE0409FF5D086E64481889
:20404000820182100F1000004CC126F07603DA013C02DA003C01EE08820082110F01001035
:204060004CC1A61F6CC109FF5D186E0B09FF5D08EE08484F6E0609FF7A085E5248483C01D6
:2040800009FF60086E31489F6E05C864C8956DFFE5FEDA0009F06808532F20F09221DA037A
:2040A0000F1F00204CC582F3C632262F0F100000A60F6CC509FF740809C0701837F081F36A
:2040C00089CF301809FF74085E16DA024BF811028BF01F80370870F009C0E40837F010F081
:2040E00089CFA4083C0854F409F6740840C402856DFF4EFE09FFF60809C0E00837F010F094
:2041000089CFA00809FEA019BD0E2300D4ECBCCF09EF080809C4840909C44808370F685029
:204120006D00FE0BD4C440C56DFF98FE09EC8409BCCF09EF080809C4840909C44808370F98
:2041400068506D00ED0BD4C440C56DFFF1FE09FFFE086E2CC86209F07C08DA010F0F00F012
:2041600009203029A6F089203029C86409F47C0809F57D086DFFC0FDC86409F47D086DFFB2
:20418000ACFD09F0401809FFFE081421370F68F037F108F0342F0C21370F83F12C210C235E
:2041A00096022C230C2196042C2109FFC4186E2CC86209F04218DA010F0F00F0092030299E
:2041C000A6F089203029C86409F4421809F543186DFF92FDC86409F443186DFF7EFD09F00C
:2041E000461809FFC4181421370F68F037F108F0342F0C21370F83F12C210C2396022C23DD
:204200000C2196042C2109FFCA186E2CC86209F04818DA010F0F00F009203029A6F08920D9
:204220003029C86409F4481809F549186DFF64FDC86409F449186DFF50FD09F04C1809FFC8
:20424000CA181421370F68F037F108F0342F0C21370F83F12C210C2396022C230C21960415
:204260002C2109FFD0186E2CC86209F04E18DA010F0F00F009203029A6F089203029C864AF
:2042800009F44E1809F54F186DFF36FDC86409F44F186DFF22FD09F0521809FFD018142114
:2042A000370F68F037F108F0342F0C21370F83F12C210C2396022C230C2196042C2109FF77
:2042C0005C0889DF140849FF141A49D2180AA02444FF642FFC4E00902068911000F8D9FFD6
:2042E000F86F49FF000A49A2000AC506180044FF642FFC6E49AF000A4942000AC506180073
:2043000044FF642FFC6E894598090090404F09FF5408DF1F3780C842DA008210820137F195
:204320000113370101178921381909FF6108EE28487F6E1BC842821009FF600853202000A8
:204340008B80001082300F1000000922341982F3C63026020F1F00F0A6F289223419C844AC
:20436000C8756DFFE5FD3C0BC842DA008210820137F1811037018114892138193C013C0177
:2043800009FF54086E0409FF61086E32C842DA018200820137F101133701011789213819C5
:2043A000486F6E1BC842820009FF6008532020008B80001082300F1000000922341982F355
:2043C000C63026020F1F00F0A6F289223419C844C8656DFF43FD3C0BC84FDA0182008201EE
:2043E00037F181103701811489F138193C010090DA000950DA08370F0EF009505C08370F43
:2044000003F809505D08370F81F909505E08370F01FA09505F08370F83FA09506108370F98
:2044200001FE09506008370F03FC6C4582010950640837010310095065083701811109504A
:2044400066083701041409506B083701011A0950670837010312095068083701811309507C
:2044600069083701041609506C083701811A09506A083701041809506D083701011B09503F
:204480006E083701011C09506F083701811C095F70086E0382203C028200095F71086E03A7
:2044A000DA013C02DA00A6F03701021D095F720837F1041E89411009095F0408534F20F0E7
:2044C000D45FD4FF10FF19F0C081095F730837F00102095F0408534F20F0D45FD4FF10FF35
:2044E00059F0C081095F06096C42095F0A096C43095F16096C41095F1209744F095F6A088F
:204500006E0A095F6A081E17095F6A081E24095F0E096C460090F4450090404F405CD4C2AD
:20452000D42DF4FD09CF04082CF409CF0408530F22F010D2D9220002E822C82440C56DFFE7
:2045400059FF820009CF63086E05DA0137F001083C04DA0137F0810809FF0408534F20F02F
:2045600010D25920C08109CFF4086E22D4F209FF0408BC21534F20F060FF9140003F30F340
:20458000D93F30D83C0109C0760809CFF40814F1370F68F037F108F034FF081F370F83F1CC
:2045A0002CF1083F96022CF3081F96042CF100902038911000F8D9FFEC8F49FF000A49A2F1
:2045C000000AA0D644FF642FFC6E49AF000A4942000AA0D644FF642FFC6EF4450090DA002B
:2045E0003E56DA013E58DA023E5A3C0DA664894410493C09A664894430493C05A66489441C
:2046000010593C010090404F02496D006A21022802846D007A20DA207FF90B8009F00829B4
:2046200082110F911010A61089F008293C19DA407FF90D8009F00C2982118FF901F10FF118
:204640001010A61089F00C293C0B09F0102982118FF903F10FF11010A61089F01029028440
:204660006D0072210090DA003E46DA013E4BDA02BE403C16094F4448B70F01F1894F0448FC
:204680003C0F094F6448B70F01F1894F24483C08094F4458B70F01F1894F04583C010090DE
:2046A000404F02496D001D21022802846D002D20DA207FF90D8009F0082982110F9110108F
:2046C00082FFC6F1261089F008293C1DDA407FF90F8009F00C2982118FF901F10FF11010ED
:2046E00082FFC6F1261089F00C293C0D09F0102982118FF903F10FF1101082FFC6F1261086
:2047000089F0102902846D001F210090DA003E46DA013E4ADA023E4E3C13094F444896042E
:20472000894F04483C0D094F64489604894F24483C07094F44589604894F04583C01009058
:20474000404F024F405C82146D00311A3C014B0271418F2400004BF011029A2006EFC2FFE2
:204760008BFF21F392104B0411223B00D0029B1013007F200980C21F8BFF21F392104B0414
:2047800011223C013B90D00306503F0208803B00D0029B1013007F20048082023C0A370FEE
:2047A00068F0BCF109C0CA2837F005F289CF8A283C010090DF043B00094F04298B8701008E
:2047C0000F041040A64F894F0429094F04298230534720100F10000082F1C610260F894F06
:2047E0000429094F0429534720000F051050A65F894F0429766D094F04298210534720100B
:20480000C2310F100000A60F894F04293C0E094F0429821053472010C2310F10000082F11C
:20482000C610260F894F04293C0D094F042982108B8701100F10000082F1C610260F894F70
:2048400004290090DA003E67DA01BE65DA025F6F23003C31094F00498210370F81FB374F69
:2048600004F8894F0049094F4448375F02F0894F04483C21094F20498210370F81FB374F93
:2048800004F8894F2049094F6448375F02F0894F24483C11094F00598210370F81FB374F33
:2048A00004F8894F0059094F4458375F02F0894F04583C010090DA003E66DA01BE60DA02FB
:2048C000BE6A3C25094F00498210370F81F7374F82F6375F04F4894F00493C19094F20499B
:2048E0008210370F81F7374F82F6375F04F4894F20493C0D094F00598210370F81F7374FCB
:2049000082F6375F04F4894F00593C010090404F3B00054040F46DFFC5FE09FF4328968098
:2049200089FF03283B00054040F46DFF6EFE820082013C13BF4104809A413C02021F3B00EB
:204940004020E22F10F2392F4320370F61F23C016E0382103C01C211BF61EE7FDF10E97F4C
:204960000090404C405F8208C852D42D3C01C852092E84093C01C85289C2840909C2840935
:204980000929480809FA0C0840D402946DFF8AFE08E0534A20F010E2534A20F010E439413E
:2049A000018037018101E920018008F0534A20F010E2534A20F010E4394F0280370F04F0B6
:2049C000E92F028009F05008534A20F010E2534A20F010E4394F0080370F02F2E92F0080D2
:2049E00009F05108534A20F010E2534A20F010E4394F0080370F02F3E92F00800810534A95
:204A000020F010E2534A20F010E4394F0180370F01F1E92F018008D0534A20F010E2534A05
:204A200020F010E4394F0080370F02F0E92F008009F05308534A20F010E2534A20F010E406
:204A4000394F0180370F02F0E92F01800820534A20F010E2534A20F010E4394F0280370FC4
:204A600081F2E92F028009F05208534A20F010E2534A20F010E4394F0180370F04F2E92F39
:204A8000018009FFC608EE04089FDF1F7A80029008B1BFC90580DA147FF90280BF8907801F
:204AA000FFC905808BC91F003C0FBFC90880DA147FF905808BA91F003C07DA143E93DA15AC
:204AC0007E938B491F0086204201534120F091000027D92220001022D4223C0109F00C0800
:204AE000DA087FF01B0008B009C2000809E12069DA0F534220300F3F00F082F3C63F26F1AF
:204B000089E1206909EF2069534220100F101000A60F89EF20693C1908B009C2000809E1AD
:204B20002469DA0F534220300F3F00F082F3C63F26F189E1246909EF2469534220100F10EB
:204B40001000A60F89EF246909F00C08DA010F0F10F089EF1069089009FFC6081421370FAB
:204B600068F037F108F0342F0C21370F83F12C210C2396022C230C2196042C213C0109FFB7
:204B8000C408EE04088FDF1F8280029008A1BFC90580DA147FF90280BF890780FFC9058074
:204BA0008BC91F003C0FBFC90880DA147FF905808BA91F003C07DA143E93DA157E938B4913
:204BC0001F0086204201534120F091000027D92220001022D4223C0108F0534020F010E462
:204BE000534020F010E5395F03A09680E94F03A008FFFF8F1A8008A008F109E23069DA0FB4
:204C0000534120300F3F00F082F3C63F26F289E2306909EF3069534120100F101000A60FA3
:204C200089EF30693C1B08A008F109E234693BF000309A81534F20F00FF3003082FFC6F34F
:204C4000263289E2346909EF3469C281534120100F101000A60F89EF3469BBF0FFFF89EF3E
:204C60001469088009FFC4081421370F68F037F108F0342F0C21370F83F12C210C2396020A
:204C80002C230C2196042C213C0140D402946DFFBCFC08FF2CC109FF0C0834CF02823C01D2
:204CA0000090911000F8D9FFF4BF49FF000A4942000AA06644FF642FFC6E89459409009018
:204CC000404F405C8208D4C2D42D0CC43B004000E20F10D2D92E4000E81ED4C2D422F4F2AB
:204CE00009C9440828898B0901003700684040D46DFFD8FC3B004000E29001D00026D9223E
:204D0000400009C04B187691BF490780BF890C80DA0A7FF9090009214B28370181F0892F5A
:204D20000B283C013B0040F0E29F10D2D922400009C04C187691BF490780BF890C80DA0A7F
:204D40007FF90900092F4A28370F81F1892F0A283C013B0040F0E29F10D2D922400009C077
:204D60004D187691BF490780BF890C80DA0A7FF90900092F4A28370F03F0892F0A283C01F5
:204D80003B0040F0E29F10D2D922400009C049187691BF490780BF890C80DA0A7FF9090011
:204DA000092F4828370F01F3892F08283C013B0040F0E29F10D2D922400009C04E187691AD
:204DC000BF490780BF890C80DA0A7FF90900092F4828370F02F2892F08283C013B0040F099
:204DE000E29F10D2D922400009C04F187691BF490780BF890C80DA0A7FF90900092F48286E
:204E0000370F81F1892F08283C0109CF50186E163B0040F0E29F10D2D92240007691BF49D9
:204E20000780BF890B80DA0A7FF90800092F48289604892F08283C013C163B0040F0E29F0F
:204E400010D2D92240007691BF490780BF890C80DA0A7FF90900092F4828B70F01F1892F4E
:204E600008283C0109CF51186E163B0040F0E29F10D2D92240007691BF490780BF890B808E
:204E8000DA0A7FF90800092F48289602892F08283C013C163B0040F0E29F10D2D9224000EE
:204EA0007691BF490780BF890C80DA0A7FF90900092F4828B70F81F0892F08283C013B00E4
:204EC00040F0E29F10D2D922400009C052187691BF490780BF890C80DA0A7FF90900092FCA
:204EE0004828370F01F0892F08283C013B0040F0E29F10D2D922400009CF53180920402809
:204F000037F002F0892F00288B0901F0370F684040D46DFF7AFB09CF04194B0F7141C81552
:204F200040D46DFF0FFCF62482121D00DC01C81F82146D003C163C0109FFCA28370F65F22E
:204F4000C21F4B0F61F14BF251A03C0109CF48185E1440D46DFFDDFC8B0901F0370F6840E3
:204F600040D46DFF9FFB09CF41185E1B821409C56E0809C66F08820740E46DFF1DFC3C08D7
:204F8000820482058206820740E46DFF15FC09CF42185E1B821409C5760809C677088217DE
:204FA00040E46DFF09FC3C08820482058206821740E46DFF01FC09CF43185E1B821409C54D
:204FC0007E0809C67F08822740E46DFFF5FB3C08820482058206822740E46DFFEDFB0CC501
:204FE000BE9C0CC553C92000911000F8D9FFE49F01F000F610FF14F03C0109EF4038370F69
:2050000002F089EF003809E10039DA080F0F00F0A6F189E100393C01DA0009E0402837F012
:2050200002F089EF002809CF4118DF1F548049CF280A09CF6D086E1A820440E46DFF68FB43
:2050400009C46D0809C56B08820640E46DFF35FC09C06B08DA0F7E0909C46A08821582067A
:2050600040E46DFFF1FB3C013C05820440E46DFFFCFA09C06B08DA0F3E0A09C46A0809C5B0
:205080006C08820640E46DFFDFFB3C0114FF6E0382103C028200DA0082013E1682113E1BFA
:2050A0008221BE103C1609EF4548370F01F189EF05483C0F09EF6548370F01F189EF25489E
:2050C0003C0809EF4558370F01F189EF05583C013C0109CF4218DF1F548049CF300A09CF42
:2050E00075086E1A821440E46DFF12FB09C4750809C57308821640E46DFFDFFB09C073089F
:20510000DA0F7E0909C472088215821640E46DFF9BFB3C013C05821440E46DFFA6FA09C076
:205120007308DA0F3E0A09C4720809C57408821640E46DFF89FB3C0114FF6E0382103C02F5
:205140008200DA0182013E1682113E1B8221BE103C1609EF4548370F01F189EF05483C0F9F
:2051600009EF6548370F01F189EF25483C0809EF4558370F01F189EF05583C013C0109CF35
:205180004318DF1F548049CF380A09CF7D086E1A822440E46DFFBCFA09C47D0809C57B0814
:2051A000822640E46DFF89FB09C07B08DA0F7E0909C47A088215822640E46DFF45FB3C01DC
:2051C0003C05822440E46DFF50FA09C07B08DA0F3E0A09C47A0809C57C08822640E46DFFB8
:2051E00033FB3C0114FF6E0382103C028200DA0282013E1682113E1B8221BE103C1609EF14
:205200004548370F01F189EF05483C0F09EF6548370F01F189EF25483C0809EF4558370FD8
:2052200001F189EF05583C013C010CC57E93DA033C02DA0009E0402837F002F089EF00284C
:2052400009C049187691BF490780BF890C80DA0A7FF9090009EF4828370F01F389EF08280B
:205260003C0182013C34530121F010CF08C0534120F010EF534120F010E2092F6128370FB2
:2052800002F089FF2128530121F010CF482F4BAF41F04B0F7101C2E0DA1F7F0F0780DA10FF
:2052A0004BF011228BF200008BF02F033C01534120F010EF534120F010E2092F60283700E9
:2052C0006800370F05F089FF2028C211BF21CDFF8B0901F0370F684040D46DFF96F90282D6
:2052E0003C010090911000F8D9FFD0CF49FF000A4942000AC506140044FF642FFC6EDA00F1
:205300002C44F4450C442C45DA00894F0918DA00894F0B18DA00894F0C18DA00894F0D18CE
:20532000DA01894F0E18DA00894F0F18DA00894F1018DA00894F1118DA00894F1218DA034D
:20534000894F1318DA00894F0A180090405C8208D4CDF44D6D00B11A022F02F46D00AD194C
:20536000820074D002F46D00C81A82003C12530021F010CF0881534020F010DF534020F051
:2053800010D2092F6128371F02F089FF2128C210BF20EFFF40D440C56D00150002823C0156
:2053A0000090F445DA002C48DA00894F1808DA00894F2608DA00894F2408DA00894F250867
:2053C0000090094F00298210370F81F709506408370F01F609506508370F82F6095066081F
:2053E000370F81FF894F00290090404F6D00651A022F02F46D00611991A0003030F3D9333D
:20540000C04F1430B700010091A0003030F3D933C04F343002F46D00701A0090094F302950
:2054200053242000570F62F0EE0382023C076D0008004B0F61F14BF251203C010090913008
:2054400000FF39FF3006370F64F2EE0382023C105E186D00DD137B0000F44BF241203C085E
:2054600082046D00A4134B0F61F14BF251203C013C01009037046800DA084BF00102DA027F
:2054800003F10AF6370F68F0DF15068082220FF210203C0482120FF210203C010090404FCA
:2054A000026F82066DFFE8FF6E04681268223C0268120090404F026F82066DFFDDFF6E04A0
:2054C000684268523C0268420090404F3B0001606DFFD2FF74F20090404F024F02698206BF
:2054E00002F46DFFC9FF02283B0001600BF910486DFFC2FF8F0201F0A6F868680090DA01D8
:20550000744F0090804F53042800420F60FF3C0148423C010090BC41DA024BF501025340F7
:2055200020F053042100600F9140003F30F3D93FF0B810F23C010090804F53042800420F13
:2055400060FF3C0168550090804F53042800420F60FF3C0168350090804F53042800420F5B
:2055600060FF3C0168450090804F53042800420F60FF3C0168250090804F53042800420F5B
:2055800060FF3C01481F375F02F06CF10090804F53042800420F60FF3C014890DA006CF941
:2055A00048BF375F02F06CFB68907663DA013C02DA0037F001F0767382103C028200370F98
:2055C00081F06CF90090804F53042800420F60FF3C01DF15048082103C028200481F370FB3
:2055E00081F56CF10090404C405F8218D4F2F4C2084F2CC4084F3B008000E20FD4F21022C5
:2056000091F000303023D93D000889CD880909FF05082CC549DE001A89CE8C0909FF5308EB
:205620005E1709F40508821540E46DFF50FF09F405088215821640E46DFF50FF09F4050853
:2056400009F5500840D46DFFC0FF09F40508086540D46DFF93FF487F6E08C87409F460084E
:2056600009F561086D00310109FF56081E1509FF5708DF1F278009F4050809F5580809F618
:20568000560809F7570840D46DFF83FFD4F4084409F505086DFF41FF09F0590809FFDA083C
:2056A0001421370F68F037F108F0342F0C21370F83F12C210C2396022C230C2196042C2136
:2056C00009FF53085E1E09F40508482540D46DFF4DFF09F40508483540D46DFF37FF3C0D22
:2056E00009F40508482540D46DFF38FF09F40508483540D46DFF22FF09F40508821582062B
:2057000040E46DFFCEFE09F405088215820640E46DFFD2FE09FF54085E1509C48C096DFFFF
:20572000F0FE02823C010090F445DA002C44DA002C45DA146C42DA0A6C43DA01894F100862
:20574000DA022C46DA00894F1108DA00894F1308DA01894F1408DA00894F1608DA00894F12
:205760001708DA02894F1808DA00894F1908DA00AC4DA00FEC47DA80894F2008DA00894FA2
:2057800021080090404F024FC83409F40508821502F66DFF86FEC83409F40508821502F656
:2057A0006DFF8AFEC8346DFFACFE0090404F024FC83409F40508820502F66DFF72FEC83416
:2057C00009F40508820502F66DFF76FEC8346DFF98FE0090594400C00090194F08C0370F6F
:2057E00078F04B0F41F1194004C0370078004B0041014B0F51F06D0006004BF241203C0173
:20580000009082046DFF0CFE3C010090404F0B54108840F46DFFE3FF4B8251007B00F81383
:205820006B0131004B0071814B0861116B0131007B00F0134B1001F0370F61F16E02C21880
:205840006D003B18022A02A46D003717DA00BE90DA013E9EDA023E9CDA033E9ADA043E98FD
:20586000DA053E96DA06BE91DA07BE9C3C28534920F010F2534920F010FF19FF0CC0378F94
:2058800018F0592F0CC03C1C534920F010F2534920F010FF19FF0CC0378F18F0592F0CC0E5
:2058A0003C0F534920F010F2534920F010FF19FF0CC0378F18F0592F0CC03C023C0102A40D
:2058C0006D001B180090404F0258481F8FDF1F00481F1607534F2020082F0F2F0010DA0FE7
:2058E0000F2F002091A0012FD922E05F534020F01022542F82F0C620260F2621A61F742F1B
:20590000C82408CF09F55008A64502F46D000800C82408C402856D0035000090404F0B45C8
:2059200010A849FC100A82404B0A01828F3A00F1538F20C09140002FD922800C7D2F158072
:205940006D00BB17022F02F46D00B71609F0201982110FA1101082F2C621261089F02019CF
:2059600002F46D00CA17534820F010CFDAFF0FCF00F00FCB10B002F302B249F2400800905C
:20598000404F0B4510886D009817022A02A46D00941649FF001ADA084BF801028F7800F109
:2059A000534F2040534020F010FFDA0F0F4F00F00F49109002F3029249F2400802A46D00E5
:2059C0009C1700902020404CDA084BF401826D00C610534920F010A2534920F010CF488F11
:2059E000742F09CF500816FFC21F4B0F41F14BF25100534920F010AF14FF163FC21F4B0FB6
:205A000041F14BF05100534920F010AF14FF370F62F39211534920F010AF081F160342F12E
:205A2000534920F010AF081F370F62F142F14B0141F14BF051203C01009020080248405F00
:205A40003705E8FB8B0F20F26E01820949A6000A028440F56D003900DA0037F9019014AFC9
:205A600037F983900CA137F903920CA237F983930CA337F903950CA437F983960CA537F92C
:205A80000398081FAE63DA003C02DA0137F98199DA0037F9019A14FFAE53DA003C02DA014A
:205AA00037F9819ADA0037F9019B09FFC008370F66F3C2FF370F70F037F9859B3789049E6D
:205AC00002923C010090406C82088209DA084BF40122094F500816FF9210534320F0104FF4
:205AE00009FF6008163FC21FE2F0534320F0104F09FF6008370F62F39211534320F0104F76
:205B000009FF6108160342F1534320F0104F09FF6108370F62F142F173100AA0B025405DE7
:205B2000820B3C4E534B20F010DF54FFE2AF4B0F61F17B0000044B0F51C0820D820E3C32AA
:205B40008210532E20F00FF010004B0041F14BFC51F07B00F0036B00214F6D00AA1FFF92FE
:205B60002180532E20F00FF210F04B0F41F14BCF01F016068B0F20F26E09C2F28B0240F3A8
:205B8000370F689002E8821D3C0FFF820B809A12C2FF8B0F40F3370F689002E8821D3C04A6
:205BA000C21EBF8ECFFFF6D382798278532B20F010CF2819532B20F010CF34F8C21BBF3B0E
:205BC000B3FF0090404C405F7641820854CF6E016D00C50F3C0109CF500816FFC21F4B0F87
:205BE00041F14BF251F03C017B00F8034BF0513048103B800040821502463700E81BBA015F
:205C00006E037B00F8037B00F8134B0151703B0040929B499794024A3C4D4B0A41014B0334
:205C200041004B0751107B00F0236B0221114B0131B1DA407FBF05003B0004B03C0973AB66
:205C40000A10FF410400822B3C034EB2821B4B0B41114B1041006B07311082024B2101F085
:205C6000AE046B0731003C056B0731F067FFBF0F4B9001F06F2F1E804B9001F0AE264B9044
:205C800001F0AE036F060580020902A602B56F061180DA004BF001F0AE27DA004BF001F017
:205CA000370F61F06E03DA003C02DA016E023C04C2FAFF2AB47F3F5409006F0607006F0595
:205CC0000580025F026502F6DA024BF601229AD2370F4800C2F5370568F037F80680DA0269
:205CE0004BF601421A52C2FF370F68F037F802838E03020F3C02DA0037F802858E038232EC
:205D00003C01370268F037F80284088FAE43DA013C02DA0037F80186088FAE33DA003C023F
:205D2000DA0137F88186089F370FE1F237F8018702823C0100907B0000F44BF45180544F68
:205D40006E016D000C0F3C01BB0068099B80B104820182033C1DDA01534320400F4F00F093
:205D60004B0F61F14BF251406B0831F482054B5F01F0AE046B0831443C056B0831F467FF16
:205D8000BF4F4B0401F0AE230B431008C213BF83E4FF02123C0100900248BC416D00DF0E02
:205DA000DA004BF801F0AE217B0008F44BF841F04BF251004B0031F14B0F41F16B0F31F0F9
:205DC0007B00F0134B1F01F0AE244B0031F13C044B0031F1C21F8B1F40134B0161F14BF245
:205DE00051F06B0F31F882004B0F01F0AE084B0161F14BF251F06B0F31583C094B0161F13A
:205E00004BF251F06B0F31F867FFBF5F82463C2C4B0661F14BF841F04BF251F07B00F003AA
:205E20006B0021FF4B0F710173600AF04B0F61F14BF251306B0331F882044B4F01F0AE047A
:205E40006B0331383C056B0331F867FFBF3F4B5301F0AE247603023502013705E8FB6E028C
:205E6000F6023C06C2163B801FF07F6FD3FFC2F18B0140233C010090FF440B00538420F0E2
:205E8000911000F8D9FF2C5110FFD4F23C02A0023C01009082F282003C17538020F09110C5
:205EA00000F8D9FF2C5110FFD4FF7D4F0D80538020F0911000F8D9FF2C5110FF481F370FCD
:205EC00048203C04C210BF40EAFF3C010090494F102A3C0554FFB45FB025C2F4FF14FC7F01
:205EE0000090494F102A3C0554FF745FB045C2F4FF14FC7F0090494F102A3C0554FF345F17
:205F0000B015C2F4FF14FC7F0090DA010F4F10F0370F70F009410819765737017008A6F08B
:205F2000370110183C083701700882F2C6F2262037011018766737017000A6F037011010C8
:205F40003C083701700082F2C62F26F037011010894108190090DA084BF40102534120F03B
:205F6000104F49FF241A3C06095FC00874FFB025C2F5FF15FB7F0090DA084BF401025341F5
:205F800020F0104F49FF241A3C05545F74FFB045C2F5FF15FC7F0090DA084BF40102534122
:205FA00020F0104F49FF241A3C05145F74FFB015C2F5FF15FC7F0090094F5418EE047B10E9
:205FC00000F03C02DA01CC4D094078080F0F10F06CF10090094288093C010090094F54185E
:205FE000EE03DA013C037B1000F0CC4D094078080F0F10F06CF10090404F405C406D02480C
:20600000D4FE40E46D00A4050229DF093680ECE2084F96012CF4E84CA8A8821089F0161812
:20602000E86DA8E848FF6E05C8F240F42D02000009FF58181E1409FF58185E3540F46D004E
:206040008E093C1A09FF5818DE4209E2A80909E4A809094FD818C2F837087000370F10F08A
:20606000892F981840F46D007A093C06C8AF09E488092D0F000002923C01009082020C44EC
:20608000AE04D44F481F6E0282123C0100902010404C405DD4D2D42FF802C8AFF4AFD4DF2A
:2060A000F4CF0CC4B70F01F02CC409DF640889CF171809DF650889CF181809DF260989CF7F
:2060C0001A1909DF2A0989CF1E190CD8370F61F1D4AF09F0510837F0010389F0110849DFAD
:2060E0001C0AF8015E1754FFEE05DA0089CF04183C07CCD7481F370F68F089CF041809C050
:206100004418DA084BF00182534920F0D4A4104F029440D56DFF58FD022F6CF809C44418D6
:2061200049D5080A4CD1D4A402F56DFF88FC022F6CCC09CF5018DE1309D40409D4A46DFF4B
:20614000FCFDD4A4094F682837026800370F03F0894F282849C5081A6D000305821009CFD5
:2061600044180FF000008F0001100CD9AE43DA003C02DA0109C444180F4F10F0D4A4494FC4
:20618000081A8F000140A640A6F10203021249F2400809CF7308370F64F28F7F00416DFF4A
:2061A00013FC4B0231F189CF0A09D80154FFEE07A00FECCFA00F89CF80193C47D4FF09F27A
:2061C000C80989C2F4090CD9370F61F289CF14180CD86F1F2280910000F8D9FFF8E5ECCF97
:2061E000910000F8D9FFDCF589CF801940C46DFFF7FED801D4FF09D5600809DA6108DA807F
:20620000C82408C4A6F56DFF8BFBC82408C402A56DFFB8FB3C1AA00FECCFA00F89CF80195B
:2062200009A28409D42F09D5600809DA6108D422092F5008C82408C4A6F56DFF71FBC824F4
:2062400008C402A56DFF9EFB09DFC808370F66F389CF1518910000F8D9FFF416ECCA910038
:2062600000F8D9FF82F6ECCBD80209FF46186E119110002F09F00518534920F0D4AF10FF3C
:2062800049FF241A530022F0102280FF592F0C0282023C010090404C40C46D000F17A00FA9
:2062A000ECC7DA8089CF2008DA0089CF2108A00FECC7DA0089CF2008DA0089CF2408DA0200
:2062C00089CF250882FF89CF2609DA0089CF2A0900902040404C405DCCD5F80F6D00ED129F
:2062E000022802846D00E91114FFB70F01F034FF09DF58086E03DA003C02DA0114F037F0B3
:2063000081F134FF02846D00F812820809D4100909A4BC096DFF42FD370268F037F80880F6
:20632000DA0F37F80485DA0037F8828C09DF59086E03DA013C02DA0037F8818DDA0137F8B1
:20634000028FDA0137F8818E68484CD489CF0819820009DFC6086E043BF01FF03C02DA004E
:2063600037F00900820109DFC408EE0409DF66086E02821137108104820109DFC208EE0478
:2063800009DF66086E0282113710010509DF5B0837F0020809DF5C0837F0020909DF680805
:2063A00037F0020D09DF690837F0020E685009DEA009BD0E3B00D4EFBCFF0CE409E855080D
:2063C000C814088408C5A6F56DFFAAFAC814088402856DFFD7FACCE2BCFF0CEC09E8550802
:2063E000C814088408C5A6F56DFF9AFAC814088402856DFFC7FACCE4BD0F180009EF140809
:2064000009E85508C8140884370F68506DFF88FAC814088402856DFFB5FAD4F2D4F40C44F2
:2064200008C0370F03F02C24D80FECCAF4CCDA006CC1A00FECC2910000F8D9FFF8F5ECC54B
:20644000910000F8D9FF3C16ECC609DF66086E0C910000F8D9FF8806ECC7910000F8D9FF04
:206460007CD6ECC83C0B910000F8D9FFB2C6ECC7910000F8D9FF98C6ECC8910000F8D9FF6F
:20648000BA76ECC909DF6608DF0F8C00DA0189CF061849A4000A9110005F6DFF3EF049A478
:2064A000040A49A5000A6DFF85F009DF250889CF051809CF05182CA8DA0089AF2708DA0186
:2064C00089AF3408DA0089AF0A09DA0089AF2A08DA0089AF2F08DA00ACAFDA0089AF230824
:2064E000D80F49FF241A80FF89AF0E09DA0089AF2D08DA0189AF3008DA0089AF2108DA00BA
:2065000089AF2208DA0089AF20080CD889AF3A0809DFC40889AFB80849C4380A49A5040A8A
:206520006DFFFDEF09DF240889CF041809CF04182CA8DA0089AF2708DA0189AF3408D80F3C
:2065400049FF102A80FF89AF0A09DA0089AF2A08DA0189AF2F08DA0089AF0E09DA0089AF26
:206560002D08DA0089AF3008DA00ACAFDA0089AF2108DA0089AF2208DA0089AF2308DA00D9
:2065800089AF20080CD889AF3A0809DFC20889AFB80849C42C0A49A5040A6DFFC0EF3C04F9
:2065A000DA0089CF0618BBF0FFFFD80F89FF141909CF46186E4509A4BC096DFF6DFC914045
:2065C00000FFD9FF3038534221F010FF3C01821009DF2508370F70F014F1370F68F037F172
:2065E00008F034FF081F370F83F12CF1083F96022CF3081F96042CF109A4BC096DFF4CFC70
:20660000914000FFD9FF3038534221F010FFB04F3C01821009DF2408370F70F014F1370FE2
:2066200068F037F108F034FF081F370F83F12CF1083F96022CF3081F96042CF13C6D09DF44
:20664000C4086E2109A4BC096DFF26FC914000FFD9FF3038534221F010FF3C0109D04808B4
:2066600009DFC40814F1370F68F037F108F034FF081F370F83F12CF1083F96022CF3081F4D
:2066800096042CF109DFC2086E2209A4BC096DFF03FC914000FFD9FF3038534221F010FF5F
:2066A000B04F3C0109D0480809DFC20814F1370F68F037F108F034FF081F370F83F12CF1CF
:2066C000083F96022CF3081F96042CF109DFC6086E2309A4BC096DFFDFFB914000FFD9FF37
:2066E0003038534221F010FF49FF080A3C0109D0480809DFC60814F1370F68F037F108F044
:2067000034FF081F370F83F12CF1083F96022CF3081F96042CF1D80F09FF5308960189FF03
:2067200013080090404F405C40F46D001315E85CDA0089FF1808DA0089FF1908DA0089FF0F
:206740001A08DA0089FF1B08DA0089FF1C08DA0089FF2808DA0089FF2908A002E88282FF5A
:2067600089FF240882FF89FF2508DA0089FF2608BB00C2FB9BEFC3F46CF40090911000CF86
:20678000094804186DFF28FC402F530822F010C2392F1E02370F61F18B0F2002DF100D80F6
:2067A000530822F010C2530822F010C4394F1F029604E92F1F023C01DF00110009FF00198F
:2067C0006E0609F2801940F42D020000084FB70F01F02CF4D4F46D004C02530822F010CF51
:2067E00039FF1E02370FE1F18B0F20F25E1C530822F010CF530822F010C2392F1F02960455
:20680000E9FF1F023C010090404C40C46DFFE4FB402F9110005F09C1051809C6A80949F7B1
:20682000100A530122F01052392F1E02370FE1F18B0F2002DF100D80530122F01052530182
:2068400022F01054394F1F029604E92F1F023C01DF001A00530122F0105F39FF1E02370F9D
:2068600061F18B0F20F25E1C530122F0105F530122F01052392F1F029604E9FF1F023C019A
:206880001D00BC0009FF58181E1509FF5818DF3F2580530122F0105F39FF1E02370F61F174
:2068A0008B0F20F25E1C530122F0105F530122F01052392F1F029604E9FF1F023C01534118
:2068C00020F0105F534120F01052392FC2819602E9FFC2811D00920009FF5818DF4F2480CC
:2068E000530122F0105F39FF1E02370F61F18B0F20F25E1C530122F0105F530122F0105210
:20690000392F1F029604E9FF1F023C01534120F0105F534120F01052392FC2819602E9FFCA
:20692000C2813C6B530122F01052392F1E02370F61F18B0F2002DF100D80530122F0105285
:20694000530122F01054394F1F029604E92F1F023C01DF00530088AFBF2F5000530122F0A7
:206960001052530122F01054394F1F029604E92F1F02534120F01052534120F01054394FD9
:20698000C2819602E92FC281547FEE0C48CF8210370F01F0896F201909FF1A19896F241973
:2069A0003C2C48CF8210370F01F0896F201909FF5518FF9F0A80D47288AF102F09FF7FF886
:2069C000896F24193C1A09F05518DA103F0F0D8088AFC2FF532F20F0D47F10FF09FFC00845
:2069E000896F24193C0A88AFC2FF534F20F0D47F10FF54FF896F24190090404C09C2A809F0
:206A0000092FC0188FFF1F813C01BBF0FF0F8920141940C46DFFE0FA402F911000DF6F08BC
:206A2000070009FF5918960189FF19186F18070009FF5918960289FF19186F28070009FF88
:206A40005918960489FF19186F78070009FF5918968089FF19186F38070009FF5918960877
:206A600089FF19186F48070009FF5918961089FF19186F58070009FF5918962089FF191811
:206A80006F68070009FF5918964089FF1918DF08110009FF00196E0609F2801940F42D028C
:206AA0000000084FB70F01F02CF4D4F46D00E10009CF46186E3109C00418530022F010DF84
:206AC00039FF1E02370F61F18B0F20F25E1C530022F010DF530022F010D2392F1F029604E2
:206AE000E9FF1F023C0109C00518530022F010DF39FF1E02370F61F18B0F20F25E1C5300AD
:206B000022F010DF530022F010D2392F1F029604E9FF1F023C010090404F40F46DFF5CFAAF
:206B20000925AC0940242D050000484FC21F6CF40090404F40F46DFF4FFA0925A8094024B9
:206B40002D050000483FC21F6CF30090DA01494F0408EE0382023C0282123C0100900C51BC
:206B600009406A2837F001F0894F2A280C5209406A2837F001F1894F2A280C5309406A2842
:206B800037F081F1894F2A280C5409406A2837F001F2894F2A280C5509406A2837F001F35C
:206BA000894F2A280C5609406A2837F081F3894F2A280C5709406B2837F001F3894F2B2824
:206BC0000090404FD4F2D4220924A80949FC180A094F4218370FE3013C0188EF0B0F80F17A
:206BE000370F508054CFEE0A82003C05094110293C01C2103F80FC7F3C2609F05518FF907E
:206C00000B80D4C502846DFF78F9D4C201280026F4C23C1909F05518DA103F0F0C80D4C53A
:206C200002846DFF56F9532820F0D4C21022F4C23C0AD4C502846DFF56F9534820F0D4C2A9
:206C40001022F4C288EFA28FACFE88EFEE1009FF00196E0609F2801940F42D020000084FA2
:206C6000B70F01F02CF4D4F46D0003000090DA006C4100902008404F49FD100AD4F2D42C81
:206C800009CF4618DF0F7E02911000EF09C4A809F4A46DFF01F9534221F03C0109C8051873
:206CA00009C904184DC0E2FF370FE1F78B0F20A23C010D00400300003C0188AFBF2FE500AA
:206CC00088AF92F0530822F010E2530822F010E4B94F140237007000370F0EF0F92F1402F4
:206CE00009FF5518FF9F10808200530822F010E2530822F010E4394F1602370F83F2E92F3C
:206D000016023C2109F05518DA103F0F10808210530822F010E2530822F010E4394F1602DE
:206D2000370F83F2E92F16023C0E8220530822F010E2530822F010E4394F1602370F83F261
:206D4000E92F160254DFEE4049F21A1A802FB70F1C007B0000FDFE014DC0E1FF16073C01E4
:206D600049F21A1A8020B7000C0AB770030E7B000011E21FA2F03C0449F21A1A8020530836
:206D800022F010E259200802820082118222530822F010E21923100237030330371381319D
:206DA00037230434530822F010E259231002530822F010E2530822F010E4394F1202961052
:206DC000E92F12023C3A54DFB70F1C007B0000FD7E0F4DC0E1FF16073C0154D0B7000C0ABF
:206DE000B770030E7B000011E21FA2F03C0254D0530822F010E2592008028200821182025F
:206E0000530822F010E219231002370303303713813137230434530822F010E259231002DD
:206E2000530822F010E2530822F010E4394F1202B70F01F2E92F1202D4A24922241A530897
:206E400022F010E4802F594F0C02820082118202530822F010E219231002370303323713C8
:206E6000813337230436530822F010E259231002530822F010E2530822F010E4394F1F0274
:206E80009604E92F1F0288A0530922F010E2530922F010E4B94F140237007000370F0EF02C
:206EA000F92F140209FF5518FF9F10808200530922F010E2530922F010E4394F1602370FC7
:206EC00083F2E92F16023C2109F05518DA103F0F10808210530922F010E2530922F010E42E
:206EE000394F1602370F83F2E92F16023C0E8220530922F010E2530922F010E4394F1602B9
:206F0000370F83F2E92F1602486FEE4049F21E1A802FB70F1C007B0000FDFE014DC0E1FF39
:206F200016073C0149F21E1A8020B7000C0AB770030E7B000011E21FA2F03C0449F21E1A0D
:206F40008020530922F010E259200C02820082118222530922F010E21923100237030332D4
:206F60003713813337230436530922F010E259231002530922F010E2530922F010E4394F47
:206F800012029620E92F12023C3B486FB70F1C007B0000FDFE004DC0E1FF8F7F00013C013C
:206FA000486FB70F0CFAB77F031E7B0000F1E2F0A2013C024861530922F010E259210C0247
:206FC000820082118202530922F010E219231002370303323713813337230436530922F0FB
:206FE00010E259231002530922F010E2530922F010E4394F1202B70F81F2E92F12025309F2
:2070000022F010E2530922F010E4394F1F029604E92F1F02BBF0FFFFD4A4894F14196DFFFC
:207020003BF79140002FD9223038534221F010223C010C2396022C23D4A46DFF2DF79140B7
:20704000002FD9223038534221F01022B0423C010C2396022C23D4A46DFF1EF79140002F88
:20706000D9223038534221F010224922080A3C010C2396022C23530922F010E2530922F037
:2070800010E4394F1F029604E92F1F02534920F010E2534920F010E4394FC2819601E92FC8
:2070A000C28188AFBF2F2B00530822F010E2530822F010E4394F1F029604E92F1F02534866
:2070C00020F010E2534820F010E4394FC2819601E92FC28109FF5718EE0948CF8200370F05
:2070E00001F0D4AF89FF20193C0848CF8210370F01F0D4AF89FF20193C3F54DFEE0E48CF32
:207100008210370F01F0D4A2892F201909FF1A19D4AF89FF24193C3048CF8210370F01F070
:20712000D4A2892F201909FF5518FF9F0B80D4D288AF102F09FF7FF8D4AF89FF24193C1C0F
:2071400009F05518DA103F0F0E8088AFC2FF532F20F0D4DF10FF09FFC008D4AF89FF24199F
:207160003C0B88AFC2FF534F20F0D4DF10FF54FFD4AF89FF241976A30D0000031D00EE008D
:2071800088AFBF1FEB00D4F2D422092CA80909FF7308370F644209CF421816073C018B4F78
:2071A000000109FF56185E12C2F088AF7E02C2F088AF0B0F80F1370F5080BF18CF0088AF18
:2071C0005280A8A088AFEE0382113C02820109FF5618DE11BF28100088AF6E0D4DC0E20F0D
:2071E0003700E1078B0020923C010D00400300003C013C084DC0E20F3700E1078B002092CB
:207200003C0109FF5618DE14820089F0161809FF5718EE0848CF8200370F01F089CF2019D2
:207220003C0748CF8210370F01F089CF201954DFEE1E09F01A19DF01130082013C0489C030
:207240002419C2119AF83FF1FC7F48CF8211371F01F089CF201989C024193C08DA003C047B
:2072600089C02419C21F3F8FFD7F3C7409FF5518FF9F2480DF011800BF280800D4D59AF8D4
:2072800040C402F56DFF8AF648CF8210370F01F089CF2019D4DF01F800F609FF7FF889CF1D
:2072A00024193C06D4D540C402856DFF77F6D4DF01F800F6F4DF3C4E09F05518DA103F0FA5
:2072C0002780DF011A00BF280800D4D59AF840C402F56DFF42F648CF8210370F01F089CF0C
:2072E0002019C2F8532820F0D4DF10FF09FFC00889CF24193C0BD4D540C402856DFF2DF6DF
:20730000532820F0D4DF10FFF4DF3C24DF011900BF280800D4D59AF840C402F56DFF2EF63F
:2073200048CF8210370F01F089CF2019C2F8534820F0D4DF10FF54FF89CF24193C0BD4D5DD
:2073400040C402856DFF1AF6534820F0D4DF10FFF4DF76930D00000300902008404D49DF60
:20736000100AD4D2D42C8CDA82404B0F0102F6188CDA82404B0F0102370068F03C088CDAFC
:2073800082404B0F0102370068F0C21F370F688009DF58189E4B8CDA3B0001004B0F0102F0
:2073A000F6198CDA3B0001004B0F0102370068F03C098CDA3B0001004B0F0102370068F05D
:2073C000C21F42F8C2F83708688009CF4618DF0F2102911000EF09C4A809F4A46DFF5CF507
:2073E000534221F03C0109C9051809CA04184DC0E2FF370FE1F78B0F20B23C010D004003C7
:2074000000003C01530922F010E2530922F010E4B940140237800E00F9201402822053096C
:2074200022F010E2530922F010E4394F1602370F83F2E92F160254FFB70F1C007B0000FDAE
:207440007E0F4DC0E1FF16073C0154F0B7000C0AB770030E7B000011E21FA2F03C0254F06E
:20746000530922F010EF59F00802820082118202530922F010EF19F3100237030330371371
:20748000813137230434530922F010EF59F31002530922F010EF530922F010E2392F120294
:2074A000B70F01F2E9FF120209DF58189E4DD4AF49FF1C1A530922F010E280FF592F0C025E
:2074C000820082118202530922F010EF19F31002370303323713813337230436530922F019
:2074E00010EF59F31002530922F010EF530922F010E2392F1F029604E9FF1F028CDA82400E
:207500004B0F0102F6188CDA82404B0F0102370068003C088CDA82404B0F01023700680074
:20752000C210530A22F010EF530A22F010E2B92F140237007000370F0EF0F9FF1402822011
:20754000530A22F010EF530A22F010E2392F1602370F83F2E9FF16024CD6EE4049DF1E1A71
:2075600080FFB70F1C007B0000FDFE014DC0E1FF16073C0149DF1E1A80F0B7000C0AB77028
:20758000030E7B000011E21FA2F03C0449DF1E1A80F0530A22F010EF59F00C0282008211D1
:2075A0008222530A22F010EF19F31002370303323713813337230436530A22F010EF59F3E0
:2075C0001002530A22F010EF530A22F010E2392F12029620E9FF12023C3C4CD6B70F1C0020
:2075E0007B0000FDFE004DC0E1FF8F7F00013C014CD6B70F0CFAB77F031E7B0000F1E2F059
:20760000A2013C0309D11809530A22F010EF59F10C02820082118202530A22F010EF19F3B4
:207620001002370303323713813337230436530A22F010EF59F31002530A22F010EF530AA0
:2076400022F010E2392F1202B70F81F2E9FF1202530A22F010EF530A22F010E2392F1F021D
:207660009604E9FF1F02BBF0FFFFD4A4894F14196DFF12F4914000FFD9FF3038534221F019
:2076800010FF3C01083F96022CF3D4A46DFF04F4914000FFD9FF3038534221F010FFB04F00
:2076A0003C01083F96022CF3D4A46DFFF5F3914000FFD9FF3038534221F010FF49FF080AA4
:2076C0003C01083F96022CF3530A22F010EF530A22F010E2392F1F029604E9FF1F02534AD7
:2076E00020F010EF534A20F010E2392FC2819601E9FFC28109DF5818DF3F308009D09408D4
:20770000DA103FF00A0009D0F208DA0F37F085F389DFB2083C0B09D0F2088CDAC2FF370F42
:2077200070F037F085F389DFB20809D09408DA103FF0090009DF7008B70F01F089DF3008DA
:207740003C0609DF7008960189DF300809DF7208964089DF32083C3709DF5818DF1F248009
:2077600009D09408DA103FF00A0009D0F208DA0F37F085F389DFB2083C0B09D0F2088CDA74
:20778000C2FF370F70F037F085F389DFB20809DF7008960189DF300809DF7208964089DF8A
:2077A00032083C1109DF7008960189DF300809DF7208964089DF320809DFF208B70F85F3B1
:2077C00089DFB208530922F010EF530922F010E2392F1F029604E9FF1F02534920F010EFE3
:2077E000534920F010E2392FC2819601E9FFC28109DF58181E464CDCD4AF89FF1C193C0519
:207800004CDCD4AF89FF201976B30D0000033C010090534420F0911000F8D9FF1C6110FF52
:2078200054F1404CB04C913000FFD9FF00069130002F392F1B06370F62F3EE06BB00C2FB5D
:207840009BEFCBF43C1A9130002F392F1B06370F62F35E16BB0068F99B8FB9F43C0E913003
:20786000002F392F1B06370F62F35E26BB0068F99B8FB9F43C02DA003C0109F05908370058
:20788000E700C2104B0041014B0F410009FF5B081607C21F4B0F41F14BF051F07B802C046B
:2078A0004B0151007B0000144B104100BB00A01B9BB1A5144B1F51F04BF041F0744F544F08
:2078C0007B0020047B00F0136B0F61416D001F11B4C2009020108208911000F8D9FF0C6134
:2078E00049FF000A49A2000AA0F404FF242FFC4E913000FF39FF0116370F62F282103E0490
:207900008220BE073C1C82146D005101913000FF39FF0116160F6E0C913000FF39FF011696
:20792000160F10AF14FF4B0F61F14BF251803C08BB0068899B88B9843C013C023C0102820A
:207940003C01009002486D00AB018200DA003E84DA013E873C0B913000FF19F000263C08BF
:20796000913000FF19F004263C0382023C01760B8B0004F14B0F61F17B0028044B0F51F025
:207980004BF241203C010090913000FFD9FF00069130002F392F1B06370F62F3EE06BB001B
:2079A000C2FB9BEFCBF43C1A9130002F392F1B06370F62F35E16BB0068F99B8FB9F43C0EA6
:2079C0009130002F392F1B06370F62F35E26BB0068F99B8FB9F43C02DA003C0109F069085D
:2079E0003700E700C2104B0041014B0F411009FF6B081607921009FF6C081607C21FE2F0D9
:207A00004B0041F14BF151203C010090913000FFD9FF00069130002F392F1B06370F62F3BD
:207A2000EE06BB00C2FB9BEFCBF43C1A9130002F392F1B06370F62F35E16BB0068F99B8F6D
:207A4000B9F43C0E9130002F392F1B06370F62F35E26BB0068F99B8FB9F43C02DA003C014F
:207A600009F068086F001F8009F069083700E700C2104B0041014B0F411009FF6B08160765
:207A8000921009FF6D081607C21FE2F04B0041F1BBD0CC0C9BC0FC034B0F41F04BF1512085
:207AA0003C1909F069083700E700C2104B0041014B0F411009FF6B081607921009FF6D0828
:207AC0001607C21FE2F0532020F04B0F41F14BF151203C010090913000FFD9FF00069130EE
:207AE000002F392F1B06370F62F3EE06BB00C2FB9BEFCBF43C1A9130002F392F1B06370F69
:207B000062F35E16BB0068F99B8FB9F43C0E9130002F392F1B06370F62F35E26BB0068F9AB
:207B20009B8FB9F43C02DA003C0109F059083700E700C2104B0041014B0F411009FF5C082B
:207B40001607921009FF5B081607C21FE2F04B0041F14BF151203C01009082088202913065
:207B600000FF39FF3706370F62F282103E0482203E063C0982146D001A003C0682246D0086
:207B800016003C023C01913000FF39FF3706160F6E0A913000FF39FF3706160F4B0F41F19C
:207BA0004BF2518002823C010090913000FF39FF3306370F62F282003E0482103E083C23A0
:207BC000BB00C22B9BE2CB243C013C1FDA003E46DA013E47DA02BE413C136DFF7EFF3C12DA
:207BE0006DFFD4FE913000FF39FF3406AE757B0000F44BF251203C066DFF0AFF3C0382025B
:207C00003C013C0382023C013C01009082046DFFCEFF913000FF39FF3106370F6302DA00E7
:207C20003E0EDA015F0F2400DA025F0F2600DA035F0F2800DA045F0F2A003C2D913000FF09
:207C400039FF3206160F6E07913000FF39FF3206160F5E1382023C0A913000FF39FF32065A
:207C6000160F4B0F41F14BF251203C177B001FF44BF251203C127B0027F44BF251203C0D3B
:207C80007B002FF44BF251203C087B0037F44BF251203C0382023C013C01009082046DFF41
:207CA00086FF913000FF39FF3106370F6302DA003E0CDA01BE0CDA02BE0FDA035F0F220086
:207CC000DA045F0F24003C27913000FF39FF3106160FEE0382023C0A913000FF39FF310693
:207CE000160F4B0F41F14BF251203C177B001FF44BF251203C127B0027F44BF251203C0DBB
:207D00007B002FF44BF251203C087B0037F44BF251203C0382023C013C010090404F82029F
:207D20009130002FD92228A6542F370F6EF18FFF83113C019130002F192F28A66F1F12005D
:207D40008F2120F096019130002F192028A6370070088F002100A60F9130002F592F28A67B
:207D60008F2120F096029130002F192028A6370070088F002100A60F9130002F592F28A65A
:207D80003C019130002F192F28A61601DF1FFB7F3B0000013C05C2F04E0382123C089130F8
:207DA000002F392F3306370FE1F3EEF69130002F192F30068200370F02FE8210370F01FFE7
:207DC0009130002F592F30063B0000013C05C2F04E0382123C089130002F392F3306370FC6
:207DE000E1F3EEF6DABC9130002F592FB4069130002F192FA0563B20FE0F260F9130002F48
:207E0000592FA0569130002F192FA4563B20FE0F260F9130002F592FA4569130002F192F6B
:207E2000A8563B20FE0F260F9130002F592FA856DA009130002F592FB4069130002F392FCD
:207E40001A06B70F01F09130002FE92F1A069130002F392F2A06B70F01F09130002FE92FDC
:207E60002A063B0000F33C05C2FF4EF382123C0D9130002F392014066F10F87F9130002F3B
:207E8000392024066F10F27F084F1E13084FDE289130002F192F10068200370F82F254F0BC
:207EA0003B90D03306634B3011428B141F0037006800370F05F89130002F592F10069130CE
:207EC000002F19201806086F37F0030C087F37F08704084F37F0020F9130002F5920180620
:207EE0009130002F1920280608EF37F0010008AF37F0030C08BF37F087049130002F59203D
:207F000028069130002F392F1A0696019130002FE92F1A069130002F392F2A06960191301C
:207F2000002FE92F2A063B0000F33C05C2FF4EF382123C119130002F392014063700E100FD
:207F4000DF10F67F9130002F392024063700E100DF10EE7F3B0000063C05C2F04E038212BD
:207F60003C169130002F392F1406370FE1F26EF69130002F392F2406370FE1F26EEF913007
:207F8000002F392F2406370F61F26EE89130002F39201C06088F37F003F09130002FE92F0D
:207FA0001C069130002F19202C0608CF37F0030008DF37F003049130002F59202C063B0058
:207FC00000063C05C2F04E0382123C169130002F392F1406370FE1F26EF69130002F392F2A
:207FE0002406370FE1F26EEF9130002F392F2406370F61F26EE83BF0490206503C05C2F0B1
:208000004E0382123C0C9130002F392F1006AE179130002F392F11066F0FF37F9130002FB1
:20802000392F1A0696049130002FE92F1A069130002F392F2A0696049130002FE92F2A069C
:208040003B0000F33C05C2FF4EF382123C0D9130002F392014066F20F87F9130002F392020
:2080600024066F20F27FDABC9130002F592FB406DA059130002F592FA006DA1D9130002F2A
:20808000592FA076DA009130002F592FB4069130002F19203006DA0137F0020EDA0137F0C3
:2080A000010F3B0000313C05C2F34E3382123C089130002F392F3306370FE1F3EEF69130A5
:2080C000002F592030063B0000013C05C2F04E0382123C089130002F392F3306370FE1F3BF
:2080E000EEF69130002F192F28A66F1F12008F2120F096019130002F192028A637007008F9
:208100008F002100A60F9130002F592F28A686218F3140F19130002F192028A63700700876
:208120008F002100A60F9130002F592F28A63C019130002F192F28A66F0FFC7F022F3C01EA
:20814000EE0509F490196D007202DF0FBC8149F21C0A82029130004FD94428A6544F370FB1
:208160006EF18FFF83113C019130004F194F28A66F1F12008F2120F096019130004F19409B
:2081800028A6370070088F002100A60F9130004F594F28A68F2120F096029130004F1940B6
:2081A00028A6370070088F002100A60F9130004F594F28A63C019130004F194F28A61601BD
:2081C000DF1FFB7F9130004F19403006488F82F3C63F26F0488F5423263FA6F03B0000316C
:2081E0003C05C2F34E3382123C089130002F392F3306370FE1F3EEF69130002F5920300602
:208200003B0000013C05C2F04E0382123C089130002F392F3306370FE1F3EEF69130002F87
:2082200019203406370062F2EE07370062FAEE04370062FE6E369130002F1920340648AF31
:2082400082F3C63F26F048AF4893263FA6F0DA0037F00202DA0037F0020ADA0037F0020E9E
:208260003B0000313C05C2F34E3382123C089130002F392F3706370FE1F3EEF69130002FC0
:20828000592034063B0000013C05C2F04E0382123C089130002F392F3706370FE1F3EEF640
:2082A0009130002F1920340648AF82F3C63F26F048AF4893263FA6F03B0000313C05C2F3A5
:2082C0004E3382123C089130002F392F3706370FE1F3EEF69130002F592034063B000001D3
:2082E0003C05C2F04E0382123C089130002F392F3706370FE1F3EEF69130002F192F001681
:20830000370F62F66E309130002F1920001648CF82F3C63F26F048CF48B3263FA6F0DA0054
:2083200037F002063B0000313C05C2F34E3382123C089130002F392F0316370FE1F3EEF6E4
:208340009130002F592000163B0000013C05C2F04E0382123C089130002F392F0316370F8F
:20836000E1F3EEF69130002F1920001648CF82F3C63F26F048CF48B3263FA6F03B000031E6
:208380003C05C2F34E3382123C089130002F392F0316370FE1F3EEF69130002F59200016A0
:2083A0003B0000013C05C2F04E0382123C089130002F392F0316370FE1F3EEF69130002F06
:2083C00019200C1648EF82F3C63F26F048EF48D3263FA6F0DA0137F0010F3B0000313C056F
:2083E000C2F34E3382123C089130002F392F0F16370FE1F3EEF69130002F59200C163B002E
:2084000000013C05C2F04E0382123C089130002F392F0F16370FE1F3EEF69130002F19209B
:20842000002609FF001982F3C63F26F009F3001948FF26F3A6309130002F592000269130CA
:20844000002F192F042609F0081982F3C630260F09F0081909F304192630A60F9130002F93
:20846000592F04269130002F192F28A66F1F12008F2120F096019130002F192028A637001F
:2084800070088F002100A60F9130002F592F28A686218F3140F19130002F192028A63700F3
:2084A00070088F002100A60F9130002F592F28A63C019130002F192F28A66F0FFC7F022F2C
:2084C0003C01DF0FB18049FC140A82089130002FD92228A6542F370F6EF18FFF83A13C0183
:2084E00082091D009C009130002F192F28A66F1F12008F2A20F096019130002F192028A63B
:20850000370070088F002100A60F9130002F592F28A68F2A20F096029130002F192028A6A9
:20852000370070088F002100A60F9130002F592F28A63C019130002F192F28A61601DF1F89
:20854000FB7F3B0000063C05C2F04E0382183C089130002F392F1406370FE1F26EF691308E
:20856000002F39201C06536920F0C8621022142F37F003F09130002FE92F1C069130002FB2
:20858000192F28A66F1F12008F2A20F096019130002F192028A6370070088F002100A60FBA
:2085A0009130002F592F28A68F2A20F096039130002F192028A6370070088F002100A60F08
:2085C0009130002F592F28A63C019130002F192F28A66F0FFC7F536920F0C8621022092BBD
:2085E000020982046DFFE3FA9130002F392F3006160F4B0F41F14BF251F03C014BBF41F06C
:208600004B0F71F185F110013C0185F01001A2103FF0FDFFC2193709689014CF3FF965FFE5
:20862000028F3C0102F23C0100902008144F09444108DF1F298049A4000A6DFFECF86D002F
:208640005001022F02F46D006000913000FF19F1200609A0C408BB00402FA6203701101028
:20866000913000FF59F12006913000FF19F01806821137100101913000FF59F0180602F4EA
:208680006D0062010090DA018B0401000F0F10F0913000FF59FF24860090DA010F4F00F076
:2086A000913000FF19F0208626F0760382123C0282023C0100904DC0E1FF16073C0153CF30
:2086C00020F060FF9130003F30F3D93F0C9654FF2E1B8F2420F0960154F0370070088F00D6
:2086E0002100A60F74FF86248F2440F154F0370070088F002100A60F74FF3C0154FF160131
:20870000DF1FFE7F0090913000FF19FF28A66F1F12008F2420F09601913000FF19F028A617
:20872000370070088F002100A60F913000FF59FF28A686248F2440F1913000FF19F028A61A
:20874000370070088F002100A60F913000FF59FF28A63C01913000FF19FF28A61601DF1F27
:20876000FB7F00904DC0E1FF16073C01913000FFD9FF0C9653CF20F010FF54FF2E1B8F24DE
:2087800020F0960154F0370070088F002100A60F74FF8F2420F0960254F0370070088F008A
:2087A0002100A60F74FF3C0154FF1601DF1FFE7F084F96082CF454FF2E1B8F2420F0960143
:2087C00054F0370070088F002100A60F74FF86248F3440F154F0370070088F002100A60FD8
:2087E00074FF3C0154FF6F0FFF7F0090913000FF19FF28A66F1F12008F2420F09601913089
:2088000000FF19F028A6370070088F002100A60F913000FF59FF28A68F2420F0960291306C
:2088200000FF19F028A6370070088F002100A60F913000FF59FF28A63C01913000FF19FF53
:2088400028A61601DF1FFB7F913000FF39FF2CA69608913000FFE9FF2CA6913000FF19FF01
:2088600028A66F1F12008F2420F09601913000FF19F028A6370070088F002100A60F9130C4
:2088800000FF59FF28A686248F3440F1913000FF19F028A6370070088F002100A60F9130A9
:2088A00000FF59FF28A63C01913000FF19FF28A66F0FFC7F00904DC0E1FF16073C0153CFBE
:2088C00020F060FF9130003F30F3D93F0C9654FF370F6EF18FFF83213C013C010090913057
:2088E00000FFD9FF28A654FF370F6EF18FFF83213C013C0100904DC0E1FF16073C0153CF36
:2089000020F060FF9130003F30F3D93F0C9654FF2E1B8F2420F0960154F0370070088F0093
:208920002100A60F74FF86248F3440F154F0370070088F002100A60F74FF3C0154FF6F0F77
:20894000FF7F0090913000FF19FF28A66F1F12008F2420F09601913000FF19F028A637009B
:2089600070088F002100A60F913000FF59FF28A686248F3440F1913000FF19F028A63700C8
:2089800070088F002100A60F913000FF59FF28A63C01913000FF19FF28A66F0FFC7F0090A8
:2089A000F647094F40189601894F00183C08DF140780094F40189604894F00180090F6477E
:2089C000094F7C089601894F3C083C08DF140780094F7C089610894F3C080090FF240B00EE
:2089E000538420F0911000F8D9FF288110FFD4F23C02A0023C01009082F282003C175380D8
:208A000020F0911000F8D9FF288110FFD4FF7D4F0D80538020F0911000F8D9FF288110FFE5
:208A2000481F370F48203C04C210BF20EAFF3C010090404C405F09C0380909C13C0914FF23
:208A4000EE0C083F37F00500082F37F00504081F37F1011182183C0F14FF5E1C083F37F001
:208A60000508082F37F0050C081F37F1011382183C02820889C13C0989C0380940C46DFF2C
:208A8000BDFF09FFC8086E26081FEE099140002FD92200C8538220F010223C099140002F71
:208AA000D92200C8538220F01022B04208A009FFC8081421370F68F037F108F0342F0C21E7
:208AC000370F83F12C210C2396022C230C2196042C2108264CC4820102F009C32C0982022D
:208AE0000F20A0400F31A0503C016DFFC5BA3C0114FF534F20F010C28922300914F440C44B
:208B00006DFF50FF14F440C46DFF5BFF08264CC4820102F009C32C0982020F20A0400F3141
:208B2000A0503C016DFFA8BA3C0114FF534F20F010C2481F42F28922300902823C01009096
:208B400091100048D94494C082129130002F192F34A6370F6EF18FFF83313C019150022FDF
:208B6000392F2C081601DF1F7080094584093C648F2320F07BC0FF0FA60F9130002F592FA1
:208B800034A63C019130002F192F34A6370FE1F0DF1FFA7FCC513C0DD4F25420482F82F194
:208BA000C61F26F0481FA6F0D4F2742049FF0C0A80F0145F53CF20104C5142F13F10EEFFC4
:208BC0009150022F392F0B4896409150022FE92F0B488F2320F07BC0FF0FA60F960291305C
:208BE000002F592F34A63C01913000FF19FF34A66F1FFC7F3B0010F0C2FF4EF382023C09E6
:208C0000915002FF39F00B4837006103DF10F67F4C52BB00520C9BB0BF044B0F41F04B0F4D
:208C200071F185F110013C0185F01001A2103FF0FDFF49550C0A8050144F53CF20104C41E5
:208C400042F13F1097FF022F3C01EE0200A0DC0B009091100028D9229CC08210915002FFF3
:208C600039FF2C081601DE1C82023C0DCC2153C220F010FFD4F45441482F26F1481F3E12E7
:208C80008200C212142F3FF2F37FDF100A80915002FF39FF2E08370FE1F21E1282003C01C7
:208CA000F60200A0DC0B0090025FC234B7040200370050808BC801008B8000406D000B165D
:208CC000BC2640240B8F10486D0004003C010090C234B70402F0370F5000DA00894F180813
:208CE000DA01894F1908804F8BCF01F0C27FB70F03F0744FDA00AC42DA00AC47DA00894F82
:208D00000A09894F0609DA00AC49AC48894094088945960840423C0100906D00640800900D
:208D2000544F2E1B8F2400F096015440370070088F000100A60F744F06248F2440F1544020
:208D4000370070088F000100A60F744F544F0090913000FF19FF28A66F1F12008F2400F040
:208D60009601913000FF19F028A6370070088F000100A60F913000FF59FF28A606248F240E
:208D800040F1913000FF19F028A6370070088F000100A60F913000FF59FF28A6913000FF71
:208DA00019FF28A6009002484DC0E1FF16078B5F20F33C0153CF20F060FF9130003F30F3FB
:208DC000D93F0C9640F402846DFFACFF084F96082CF440F402846D005C0000900248028410
:208DE0006DFFB8FF913000FF39FF2CA69608913000FFE9FF2CA602846D0063000090BB00CD
:208E0000C20B9BE0CB04913000FF39FF1B06370F62F35E26BB0068199B81B9143C0B5E1623
:208E2000BB0068199B81B9143C05BB00C21B9BE1CB14913000FF39FF3306370F62F26E1D83
:208E4000913000FF39FF1906370FE7F0C21F4B0F61F14BF14110913000FF39FF1B0616078E
:208E60009210913000FF39FF1C061607C21FE2F04B0061F14BF15100913000FF39FF30060E
:208E8000160F4B0F41F14BF051203C010090544F2E1B8F2400F096015440370070088F00B0
:208EA0000100A60F744F06248F3440F15440370070088F000100A60F744F544F00909130DC
:208EC00000FF19FF28A66F1F12008F2400F09601913000FF19F028A6370070088F000100FD
:208EE000A60F913000FF59FF28A606248F3440F1913000FF19F028A6370070088F000100E3
:208F0000A60F913000FF59FF28A6913000FF19FF28A600909120003030434933088A543F8B
:208F200006F4374F9FF09120003030434933088A743F9120003030434933148A543FEF8F8E
:208F40000A00B70F01FC9120003030434933148A743F00903B80014082056D0071263BE0F1
:208F6000014082056D006C263B20024082056D0067263B40064082056D0062263B800640CE
:208F800082056D005D263BC0064082056D0058260090820482256D00FA1E821482256D00BB
:208FA000F61E822482256D00F21E3B30084082256D00ED1E3B40084082256D00E81E3B5099
:208FC000084082256D00E31E3B8001403B00E2543B8038616D0089253BE001403B00E2548B
:208FE0003B8038616D0081253B2002403B00E2543B8038616D0079253B4006403B00E2546B
:209000003B8038616D0071253B8006403B00E2543B8038616D0069253BC006403B00E25486
:209020003B8038616D00612582146D001C203B80014082056D0004263BE0014082056D0040
:20904000FF253B20024082056D00FA253B40064082056D00F5253B80064082056D00F02563
:209060003BC0064082056D00EB253B4006406D00FA1F910000F7D9FF043082246D005A1E45
:20908000B4F2910000F7D9FF0C3082146D00521EB4F2910000F7D9FF08303B5008406D009D
:2090A000491EB4F2910000F7D9FF10303B4008406D00401EB4F20090F445DA006C410C482B
:2090C00096012C480C4896022C480C48B70F01F12C480C48B70F81F12C480C48B70F01F298
:2090E0002C480C4896202C480940C808DA0837F006F3AC440C49B70F01F22C49DA00894F3E
:209100000E09DA00894F1209DA00894F0A090C49B70F81F22C490C49B70F01F32C49094FC7
:209120005808B70F01F0894F1808094F5808B70F81F0894F1808094F5808B70F01F1894FF1
:209140001808094F5808B70F81F1894F18080090DA00344FDA00AC41DA00AC42DA00AC43C2
:20916000DA002C48DA00AC45A00FEC43DA006C44009020081D00940014A0DA0A7E031D00CF
:209180009600910000F7D9FF183014F0DA003E08DA01BE0682215F014A001D00810014A02F
:2091A000DA737E0D910000F7D9FF1430DA0034FF910000F7D9FF1830DA0134FF3C7014A010
:2091C000DA737E08910000F7D9FF1830DA0034FF3C6614A0DA6CBE0C14A0DA72BE09910049
:2091E00000F7D9FF143014FF910000F7D9FF08C410FF14AF34FF910000F7D9FF14309100E3
:209200000027D9221430142FC21F34FF3C0E14A0DA6C3E0414A0DA727E0814A8910000F741
:20922000D9FF1830DA0234FF3C3A14A0DA735F0F298091000047D94408C449A5040A6D0047
:209240003915DA6CFE80910000F7D9FF185089F20C19910000F7D9FF185049F4380A6DFFE1
:20926000C9C43C0EDA727E8C910000F7D9FF1850685291000047D94418506DFFBBC43C08B3
:20928000910000F7D9FF1830DA0034FF3C08910000F7D9FF1830DA0034FF3C01820449A470
:2092A000000A6D00982FDF0269FF00902020910000F7D9FFA43449FF000A49A2000AA064D4
:2092C00044FF642FFC4E6D00C32F82043B90D0530665820682076D00C82B820482156D0035
:2092E0008D2F00906DFFFDFA022802846DFF0DFA3B0000F29B0FF0FA9110F0FAD9FF909A4E
:209300009110F02AD922989A9110F04AD944A8AA9110F05AD955A8AA74FFDA01742FDA8065
:20932000744FDA50745F0D008004DA008200EE0B3C01914080FF484F82110F011010261F5B
:20934000EEF93C023C040D0080043C0102846DFFFBFA3B0000029B00F00A3C07600F54FF1C
:209360001EF382E23C0AC2403B0000F49B0FF0FA3FF0F6FF82023C0100908208910000F7E6
:20938000D9FF1C3054FFEE0A910000F7D9FF1C303B4071426DFF9FCE74F2910000F7D9FFE5
:2093A0001C30D4F49100F05AD95500023B4071426D001413910000F7D9FF1C30D4F43B001D
:2093C00071426D003B01910000F7D9FF1C30D4FF19FF50C23E2282F802823C0100909100CC
:2093E00000F7D9FF1C3054FFEE0A910000F7D9FF1C303B4071426DFF6ECE74F282003C0C55
:20940000532020F0910000F7D9FF1C30D4FF10FFDA00B4FFC2103B8038F13FF0F3FF009047
:20942000910000F7D9FF14C4DA0074FF910000F7D9FF14C4DA076CF1910000F7D9FF14C4F9
:209440003B2004F69B5FCEF36CF2910000F7D9FF14C4BBD0FCFA9B6F8EF36CF3910000F773
:20946000D9FF14C47B00F8F36CF4910000F7D9FF14C47B001AF46CF5910000F7D9FF14C41C
:209480007B00F0F36CF6910000F7D9FF14C47B000AF46CF7910000F7D9FF14C47B002AF427
:2094A0006CF8910000F7D9FF14C4BBD0CCFC9BCFDCF36CF9910000F7D9FF14C47B0004F474
:2094C0006CFA910000F7D9FF14C43BF026F19B3FA8F36CFB910000F7D9FF14C47BA047F442
:2094E0006CFC910000F7D9FF14C4DA036CFD910000F7D9FF14C4DA016CFE910000F7D9FFA9
:2095000014C4DA006CFF910000F7D9FF14C47B00F0F389FF0019910000F7D9FF14C4BBA064
:2095200070FD9B3FC2F389FF0419910000F7D9FF14C47B00F0F389FF0819910000F7D9FFEB
:2095400014C47B0012F489FF0C19910000F7D9FF14C47B0012F489FF1019910000F7D9FF3B
:2095600014C47B8024F489FF1419910000F7D9FF14C47B8024F489FF1819910000F7D9FFE7
:2095800014C47B8024F489FF1C19910000F7D9FF14C4DA0089FF2019009074446B0631F571
:2095A000BBA0D30C9B30F1034B0F41F0745F0090BB3098FF9B2FE2F37B00E8036BF461007D
:2095C0004B003111DA004BF001F0370F61F06E02C2F14B0141F16B0F31F07B0040044B0F0C
:2095E00041F002F46D0093023B0020003F02078082027B0040046B0031FF4B0261016B0027
:20960000310F534220F0911000F8D9FF788110FF54F1C212534220F0911000F8D9FF7881C4
:2096200010FF54FF7B00F8236B0031224BF041F06B12612F3C010090820282003C148F82C7
:2096400000108F821EF0014000F614F2C62F16FF534F20F0911000F8D9FF388110FF54F263
:20966000C612C2103F40EDFF3C010090370468F0344F370468F42C41370468F82C423704AA
:2096800068FC2C4382423C010090024F0B561088404F405C02946D002A00022A02946DFF96
:2096A00089FF4B2F41006BA8710074F04B2841006BAF61F074CF0090024F0B561088404FB4
:2096C000405C02946D001300022A02946DFF72FF4BA841006B2F610074F067FFBFFF4B280F
:2096E00041006BAF61F074CF0090BB3098FF9B2FE2F34BF441004B003111DA004BF401F0B3
:20970000370F61F06E02C2F14B0141F16B0F31F07B0040044B0F41F002F46D00F8013B0095
:2097200020003F02078082027B0040046B0031FF4B0261016B00310F534220F0911000F8CB
:20974000D9FF788110FF54F1C212534220F0911000F8D9FF788110FF54FF7B00F8236B009E
:2097600031224BF041F06B12612F3C010090DA004BF501F016068B0F20F26E22DA004BF4D4
:2097800001F016068B0F20F26E0EBBA0D3FC9B3FF1F34BF541F04B4F01F0AE2382103C020F
:2097A00082203C0DBBA0D3FC9B3FF1FB4BF541F04B4F01F0AE2382203C0282303C21DA0038
:2097C0004BF401F016068B0F20F26E0EBBA0D3FC9B3FF1FB4BF541F04B4F01F0AE23826076
:2097E0003C0282503C0DBBA0D3FC9B3FF1F34BF541F04B4F01F0AE2382503C028240DA01AE
:20980000BE02DA025F0F3100DA035F0F5100DA045F0F7000DA055F0F8F00DA065F0FAE00DD
:209820001D00CC00BBA0D3FC9B3FF1F36BF571F4BBA0D30C9B30F9034B0541007B00F8137A
:209840006B0F31116B0031117B00F0234B214110744154416B0F21F1745F545F6B0021FF6D
:20986000746F1D00AB00BBA0D3FC9B3FF1F36BF561F4BBA0D30C9B30F1036744BF1F6B05AE
:2098800061017B00F8136B0F31116B0031117B00F0234B214110745154516B002101744081
:2098A00054406B0F21F0746F1D008800BBA0D3FC9B3FF9F34BF541F06744BF0FBBA0D31CDD
:2098C0009B31F1136B1571007B00F8136B0F31116B0031117B00F0234B2141107451545123
:2098E0006B0F21F1746F546F6B0021FF744F3C65BBA0D3FC9B3FF1F36744BF0F6BF561F035
:20990000BBA0D30C9B30F90B4B0541007B00F8136B0F31116B0031117B00F0234B21411073
:20992000746154616B002101745054506B0F21F0744F3C436744BFFFBBA0D30C9B30F10379
:209940006B0571FFBBA0D30C9B30F1036B0571047B00F8136B0F31116B0031117B00F023CC
:209960004B214110746154616B0F21F1744F544F6B0021FF745F3C21BBA0D3FC9B3FF9FBFB
:209980004BF541F0BBA0D30C9B30F1036B0561047B00F8136B0F31116B0031117B00F0230B
:2099A0004B214110744154416B002101746054606B0F21F0745F3C018202544082014B10FA
:2099C00001F016068B0F20F26E2D54407B00F8134B1001F016038B0F20F26E24545082014F
:2099E0004B1001F016068B0F20F26E1C545F7B00F8034B0F01F016038B0F20F26E13546F4C
:209A000082004B0F01F016068B0F20F26E0B546F7B00F8034B0F01F016038B0F20F26E027F
:209A20008212762382023C0282F23C0100908F841EF08F0F0801B70408FC3704E81BB71F5B
:209A4000812BDA7F7FF1048082020090DA967F1F048082023C068B6109F1325F0FF2002009
:209A600037024820760432523702482000908F841EF08F0F0801B70408FC3704E81BB71F7B
:209A8000812BDA7F7FF1048082020090DA967F1F048082023C068B6109F1325F0FF20020C9
:209AA0003702502076043252370250200090B70408FC3704E80BB71F811BDA7F3FF005805A
:209AC000DA967F0F0480820200908B6009F1325F0FF10010370168200090B70408FC370420
:209AE000E80BB71F814BDA7F7FF00480D2020090DA967FF0078082058B6009611DFFBCB255
:209B000082058BA016601DFFB8B2B70408FC3704E80BB71F811BDA7F3FF00580DA967F0F2D
:209B20000480820200908B6009F1325F0FF1001037017020009082088B0420F28B0500F5FF
:209B4000EE0D7B0008000282B700890B8F7201108F880120A610A6020090D2000B0450F15E
:209B60000B1500F20B5190F2EE073B0008800B40C0400B51D05082029B02F02FBBF0FF3F4D
:209B80009BF3FF3F0F2480000F358010BA008B0100F4EE4C3B7001900B451068BB00FF1F21
:209BA0009BF1FF1F8F0400012651BA008B0100F4EE2182019BF1FF1F8F0400012651BA00B5
:209BC0008B0100F4EE098F751E107745804302153B0003903C0F8F351F107745804902159E
:209BE0003B4002903C078FF51F107745804F0215C2190F2480000F3580108B0020F28B0135
:209C000000F5EEF2024A0B6710C8D2148B891E606DFF33B20F2C80000F3D8010BA008B0133
:209C200000F4EE2B3B0008703C293B600920BB00000F9BF00F0026408F0500118B0020F22F
:209C40008B0100F5EE073BA00820774500568FC4004082009B00080082013C05C2F277458D
:209C6000805006140B0430F10B1500F20B15A0F2EEF602401DFF6AFF82078BF29F008BF338
:209C8000BF1026C026D1BA008B0100F4EE038F0744710B8A10488BF907601D00A40F8B046B
:209CA00020F28B0500F5EE0A7B0008008203B700892B8F7301F0A6F2009082029B02F02F47
:209CC000BBF0FF3F9BF3FF3F0F2480000F358010BA008B0100F4EE4C3B7001800B451068E0
:209CE000BB00FF1F9BF1FF1F8F0400012651BA008B0100F4EE2182019BF1FF1F8F040001CC
:209D00002651BA008B0100F4EE098F751E107745804302153B0003803C0F8F351F1077451B
:209D2000804902153B4002803C078FF51F107745804F0215C2180F2480000F3580108B00C2
:209D400020F28B0100F5EEF202490B6710A8D2148B881E606DFF91B10F2A80000F3B801063
:209D6000BA008B0100F4EE2B3B0008703C293B600930BB00000F9BF00F0026408F05001135
:209D80008B0020F28B0100F5EE073BA00830774500568FC4004082009B00080082013C050F
:209DA000C2F37745805006140B0430F10B1500F20B15A0F2EEF602401DFF7BFF82078BF292
:209DC0009F008BF3BF1026A026B1BA008B0100F4EE038F0744718BF80760820402951D0060
:209DE000020F91100048D94440D21D0002008208404F8209820A820BC81CC82D483C09FFF9
:209E00001001DF1F238080CF160180D08F100001FE046E04C2FC04DF24CF76CF8F3C000121
:209E20008FEC1FF06E0902F140D2C2F16014442164C1FC4E90DD020CDF0CE07FC2FC60C27C
:209E400004DF24CFFC2E3CD9DE2580CF2E03C2FC24C9DF0CD37F8F3C00F106EC76C5C2FCDB
:209E600060C264CAFC2F6EC9C2FF60F224CBFC2F3CC48F0F1F00DF002E008F3F0001DF107B
:209E80002B8080CF8F3F00D180DF1603FEDB76DB02D440C440D56D00D80701CD00C601DDDA
:209EA00000D6A2DC76CF8F3C00018FEC1FF06E0902F140D2C2F16014442164C1FC4E90DDCF
:209EC000020CDF0C9B7F02C440C440D56D00BD073C9400901603DF2F91FF80CF16036E076B
:209EE00002F440C46D009A0710CCA2FCDF0C867F8F3C004106EC76C5C2FC60C264C8FC2F80
:209F0000DF047C7F40C46D0089071DFF77FF205089A4380989A62C0989A73409DA01A00F97
:209F2000820909AA1019780C89A9081989A9280902A089A90019B70089FBF806781137009A
:209F4000E8FB78080258404C029D405D8BFF0FC27B00F8B376C658116E04029C09AD300957
:209F60005808BA0F7813F68A3B700600580B3E043B7004007E0382183C23580D6F5F21805A
:209F80003B100600580B3E043B100400FE095811EE0382083C1582788F3F000082013C06B3
:209FA000C2F88FC31F107723000E0B011028FBF0000026202631BA008B0100F4EEF2DA00FE
:209FC000780F02A46D00FE087625DA2D780F67AABFAFEE0E580D8F8F0101DA087E03DA2B50
:209FE0003C068B000102580FAB0FA2F0780F09A00019AA1089A00019DF0D1600580B911093
:20A0000000F8D9FFFC8110FF081F2E37910000F8D9FF3400F8063C1B910000F8D9FF0030DD
:20A02000F8063C15DF0C1D00580B911000F8D9FFFC8110FF081F2E36910000F8D9FF043049
:20A040003C05910000F8D9FF1430F8065810BB90FF0F9239580D260F780D1D008C013B107C
:20A060000600580B3E053B1004005F0F27805808AB1F18FF780858109230F683580D2E22B7
:20A08000C210428058083BC0F91FC2207FF106003B4006103F1F0400DA033C0A3B60FF1F92
:20A0A0007FF106003BA000103F1F0400DA02780C580C12091D005F01580849AF0A0A6E7532
:20A0C00049A4140A02A46D00E60C09AC1409022A370CE8FB82006E55BBF028EC49AE130A34
:20A0E0007B0012D49B5ECFE33C3F49A20A0A7D2E0C8049AF120A49AE130AA07209F03FF43D
:20A1000089E03FF4FC2CBBD0CC0C58059BC0DC0349A4140A4B0F41406D00BD0C89A206092B
:20A12000DF0914806B0E21F24BDB41B04BDF41406DFF7FFC762A4BBC514049A4140A821990
:20A140006D00A90C89A2060909AF06096B0E21FF4BDF41406DFF6DFC8B0203F089EF3FF498
:20A16000580AC21F780A5805370FE8FBEEBF3C0304EF24FF49A2130A012E20F4EEFA3C150E
:20A180004B0A01F06F2F12007B0012043C064B0A41A0580AC2FF780A4B0A41F089AF06094E
:20A1A0004BBF01F06F0FF5FF3B600610580B028082093E143B6004107E13580A12803B5000
:20A1C0000610580B3E143B5004107E12C210CE03DA003C038B7000F310A2492E0A0A3C1151
:20A1E0007B0012F449A4060A4BFA41406D00530C022A09A406096DFF1CFC8B0203F024FF40
:20A2000001FE20F4EE0649A2130A012F20F4EEE909EF000840EFC25F3C0A49AF0A0A01EF82
:20A2200030F4EE0740EF09EF3FF4C21F34EF3C08DA3134EF49EF010A580AC21F780A09E044
:20A240000008DA393F0FEB7F89F93FF049A20A0A012F20F4EE0609F00008DA305F0FF67F55
:20A260003B500600580BBE013B5004003E0E3B6006005F0F3C003B6004005F0F3800580A5E
:20A280003FF80400FFDF330058103B50062049AF0A0A9210580B09A10A083E243B5004207B
:20A2A0007E2C761349AF0B0A14FFEE04580DAE227682C21042803C17028276158BF81F2074
:20A2C00049AF0B0A14FFEE03580D2E22C21082013C0814FFEE03580D2E23C210B01FC211F1
:20A2E0003F21F97F8B4000903C453B600600580B3E043B6004007E0F09A02809FA10AB1099
:20A30000A09F581042F9F684580D6F2F34001A8992193C300280580A49AF0A0A4EF4581056
:20A3200092193C0D09A1280958101219021F14F17612B01FABF01F00C2FFEEFA14FF6E0258
:20A34000F604580D6F2F1700580AC219325F3C04C2FFC219C2F07607FF1FFC7F3C04C2195C
:20A36000B01FC2F0760314FFEEFB580D16042B09009F580F6E0D580D16036E0A61FFEAAFC4
:20A3800009A43C0940C46D001C05DA00780FD806BD0F1A803B100600580B3E043B1004004F
:20A3A000FE02580D16036E0F54DFC22F61FFAEAF6D000705580B40C48B7F01406D00010523
:20A3C000DA017812580D6F0F1680580EA29F3C0F61FFC0AF580D40C416028B0F20F2864FDC
:20A3E0008B0F02406D00ED04580EC2FF780EFF1FF17F580F6E0861FFADAF09A43C0940C459
:20A400006D00DF04D806BCFA40F440C56D00E80454DFC23F74DF1D008A013B100600580BE3
:20A420003E053B1004005F0F9F808F28200058138B7001018B1F03A1BF1022008201DA170B
:20A440007FF00800821258110F021020262F6E02821182F2C2F00F0200F0C6F2F61458119D
:20A46000262F6E045811A62F78115811C21F7811EF7F0600DA0078113B2003A05812EE0D41
:20A4800054DFC22F61FF42AF6D009B04580B40C48B7F01406D00950461FF5CAF02A440C46E
:20A4A0006D008F04F683580D2E2561FF4DAF6D00880458113B8001B054D08F1F00A042800D
:20A4C00074D03C183B000340DF0B1100C2CB02B032500F0A00F0160F8B0F0340DA397F4FBE
:20A4E0000600580B8B6F1CF042F440C46D006904C2F8FF18E97F580B40C48BFF00406D0002
:20A5000060045808CEF63BD00240325F78083C033BB0024040C46D005404580C54D0C22FA7
:20A5200042F0580C820110AF34F13BA00010580CC2FF370F68F0780C10AF58084B1F012240
:20A540008B0303F034FF09A220094B12012289A26009DF02EEFF74D040A440C56D004004B3
:20A560001D00E5003B50060049AF0A0ABE013B5004003E0E3B6006005F0F78003B6004007C
:20A580005F0F7400580A3FF80400FFDF6F0009A00A08580AAB1F20A076093B700610580BA5
:20A5A0003E143B7004107E12C2F861FFD3AE76063700684049AF0B0A3C033B00034040C436
:20A5C0006D00FF0314FFEE0B580DAE29768C3B500600580B3E043B5004007E0561FFB4AEB8
:20A5E0006D00EF03820B3C1A09F00008F60A580DAE283B500610580B3E143B5004107E1D4D
:20A6000061FFA8AE760537006840B01F3C033B00034040C46D00D503C21B3F8BE77F61FFE8
:20A6200099AE580B40C48FDF0F416D00CA03C2FA54DFC21F0EA43BB002403C04325A3BD0EE
:20A64000024074DF40C46D00BC0361FF75AE8B00034040C46D00B50361FF6EAE8B01034070
:20A6600040C46D00AE033C6209AA28094EA854DFC21F61FF4BAE6D00A4033C1954D0C21074
:20A6800074D014F47643B01F3C033B00034040C46D0097033B600600580B3E063B60040037
:20A6A0003E03ABF81F88C2FAFF1AEA7F3B600600580B3E063B6004003E0314FF6E02F684AC
:20A6C000580D6F2F340061FF45AE580A3BE00240325F3C0854D03B000340C21074D0C2FFE3
:20A6E000C2F840C46D006D03768BFF1FF57F3C0861FF30AE04F440C46D006303C2F8768328
:20A7000014FFEEF73B600600580B3E0E3B6004003E0B580D2E2B3C0854DFC21F61FFF6ADF0
:20A720006D004F03C2F8DF08F9FF580EA29F3C0A54D03B00024040C4C21074D06D00410368
:20A74000C2FFFF1FF77F00902010404C405D89A68C09DA00780209D40008DF045002DA258A
:20A760007E4409D001047E08B01D49A5080A40C46D0054023CF1820A0BAA108809DF010030
:20A780003BD002007E048F1A40A13CF93BB002007E07BBF0FE0F26A08F8040A13CF03B0024
:20A7A00002007E066F3AECFF8F0A41A13CE83B0003007E048F2A40A13CE23B3002007E0479
:20A7C0008F4A40A13CDC3BA00200FE03D803B04FF80309F83CF9CE848F1A40A1325809DF70
:20A7E00001003C0D13A820FF8B0F1D8009DF01008B0F1D0037006800BFA0F6FF3BE002004E
:20A800005F0F23808F0A42A109DF01003BA00200FE05D803B04FF80309F93CF9CE968F1AC9
:20A8200040F1BBF0FDAF26FA09DF01003C0D13A920FF8B0F1D9009DF01008B0F1D00370045
:20A840006800BFA0F6FF3BC006007E048F0A48A13C1E3B8006007E048F0A44A13C183BC0CD
:20A8600004007E048F0A50A13C123BA006007E04B71A81A43C0C3BA007007E04B71A01A5FE
:20A880003C063B400700FE01B71A81A53BC006003E043B8006007E0709D000087E04B71A41
:20A8A00001A6B01D09DF01003B3006005F0F2F808F1A00F1EE0E3C093B00024049A5080A55
:20A8C00040C46D00AB01C2F87F890400FF28F67FD80340C449A5080AB04FF80309F03CF9F2
:20A8E000370048406D009A01DF0F377F3C093B00024049A5080A40C46D009001C2F87F8967
:20A900002C7FFF28F67F1DFF28FF3B400600BE013B9006003E0E3BF006003E0B3B80070014
:20A920003E083B8005003E053B5007005F0F598082023B4006003E043B9006007E028212C9
:20A940003B0008010F0A80105F0104006F9A05003B8000003C0282403B8000105F1009801A
:20A96000D80349FF080AF80309F078F93C15D803B04FF80309F03CF90B0000080B01104872
:20A980003B0004010F0A80105F010D807628370448000B0000080B0110483C133704684017
:20A9A0003C0F3B0004005F010B807626370450000B0000483C06370470403C02F62282059E
:20A9C0006F5A0600BBD0FF0F260A3C0282190BFA106889A440090B8910481D00CB003B30D4
:20A9E0000700FE066F5A0680BBF0FF9F9BF9FF97D8030BA8104840C5029649A6080AB04F07
:20AA0000F80309F4BCF96D0095031DFFA6FE3B600600BE063B600400BE033B500600BE00B0
:20AA20003B5004003E0D3B7006003E0A3B7004003E073B1006003E043B1004007E0DD80307
:20AA40008F0A0211AB698091B04FF80302F609F03CF974A03C2C3B200700FE086F6A080040
:20AA6000D803B04FF80309F03CFA3C06D803B04FF80309F03CF98F0A02F1EA69DA004BF099
:20AA800051F174AF3B6006603C123B200500FE09D8038F0A02F1EA6949FF080AF80309F48F
:20AAA00078F96DFFCBAA3B60066074A20B89104849A5080A02A740C46DFF2BFA1DFF4DFE9C
:20AAC0003B0007005F0F5D806F8A45006F0A0E80DA113C093B00024049A5080A40C46D0086
:20AAE0009D00C2F83F8FF8FFD803A03E49FF080A09FF3FF449A5080A370F684040C46D008D
:20AB0000EA01FCE73BA0034049A5080A40C46D008500D803A03E49FF040A09FF3FF449A51B
:20AB2000080A370F684040C46D00D501FCE7DA113C093B00024049A5080A40C46D006E005F
:20AB4000C2F83F8FF8FFD80349FF080AF8031DFF04FED8033B8000400245B04FF8038F2A58
:20AB6000407109F03CF9820189A040093B80076049A5080A40C46D00C9011DFFEEFD3BE082
:20AB800006005F0F37803B0008010F0A80F03E036F9A0E00D803B04FF80309FFBCF909A02A
:20ABA0000809820189F040091DFFD7FD3B000401260ADA407EAAD803B04FF80309FFBCF90B
:20ABC0005802B4FF1DFFC9FD5F0A0B80D803B04FF80309FFBCF9580234FF1DFFBEFDD803C1
:20ABE000B04FF80309FFBCF9580274FF1DFFB5FD910000F7DA1959FF446409A2080900903C
:20AC0000910000F7DA1759FF44643B0004406D000C007B00FC27009037046840545FC21F1E
:20AC2000745F1D00CE00BA0492F200904D0040F9AE398F3400F1B73F02F44B0FC1F08202E8
:20AC4000009082F200908202009082000942010002018BD20232F633DA2B7E24023009429D
:20AC60000100911000F8D9FFFC81B01F3C0DBBC0CCFC9BCFCCF07FF1060013A120F28B0F8E
:20AC80001D100942010001F20026142F6F5FF1FF76023251745140420090820B405C026ABA
:20ACA0002008027C0B451088821D02B102B202B43B7001303C3CDA2E7E6382113C3882057F
:20ACC0003B9003007F6007008B961AF08FFF00613C038B061D60DF061600DF0D1400820DCF
:20ACE0008B46800286109A10325F0FF61050A60582100F501000C60676188B3500F1A2FB77
:20AD00003C04F66276128245765D763C7F530700A23532550F56106002350F540040A664D7
:20AD2000A253761476D4A25B3C02425B911000F80446D9FFFC8101F600F68200081F16A0EE
:20AD4000EE04DA2E7E63F6128210DF00B6FF0F3400E0DA703E63DA507E68DA0074AF40A5EA
:20AD60006DFF75FF402454A2422BBCC3B0F4F4C43F9B04007FBA090061FFD8AA02C2768392
:20AD800067CCBF2F0090ABFB27BD370B6800B70E892B8FF801F08F700100A60FA6F2009000
:20ADA000BC54014500F6F45F76647B00FC27009076447B00F82F00907B00F8270090D44FB3
:20ADC000BCF440F41D00C606CC414C4280F07FF0068034F4CC41B01FEC410090404F405CBA
:20ADE0003C06370F684040C46DFFEBFF09FF0100EEF900903704E82BB704894B8BF20F22BE
:20AE00008B04002400903704E82BB704894B8BF20F228B04202400903BF00F00804F1603DF
:20AE2000063F0FF0100082FFC6F0C2F4604F804FB70F02F060F2B014542F260F742F7700B3
:20AE40000004FCF60090804F16033BF00F008F3F00100F10100082F1C610C2F4604F8041CE
:20AE6000B7010220095101008F3F0030B0140F3110106022C21F542216032602A612742213
:20AE800077000004FDF0ED7F0090404F0B4510A849FD160A026840FCDA0034DF82070286AD
:20AEA0000BAB10486DFFAEA923820A0A0B2310A88BA060F2CA708B0003F089DF3FF48B02C5
:20AEC00020F28B0300F5EEEB04DF24FFEEFE40C200900248404F8FC83F40405CDA090B4FF8
:20AEE0002001DA37AB0F83F042F46DFF97FE8FF8000140F4DA0940C50B0F2011DA37AB0F02
:20AF0000834142041DFF8AFE026E2020DA58404F0B4510A8405C027909AC600982085FEFFD
:20AF20007300DA643EEDDA693EEBDA6F5FEF6C00DA75BEE4DA785FEF67001D00ED00D200F2
:20AF40000B0C50F10B1D00F20BD190F2EE073BD002800BC0C0C00BD1D0D00BCD104840A4C4
:20AF60003BA000606DFF93FFF6B6BA0C8B0D00F4DF0FDF8040A46D008906370268C0DF0825
:20AF80001180DA753EE88F890101DA087E043BB002803C078F8901F18B0F01F2AB08A28F02
:20AFA000768CABFA1FAA8F3900F16E0740F4028440C56DFF33FE82086F0914808F2900F158
:20AFC0008B0F20F2864F8B0F02F03C0740F402F440C56DFF23FEC2FA7FAB04003FACF87F19
:20AFE000768E40F4028440C56DFF18FE3C08C2FB61FF87A96DFF12FEABFA1FAA3FBCF97F1E
:20B000001D008A008BFE268240A48F3820F08B8F00600BCD10486DFF3AFFDA78FEE314AF58
:20B0200040A26E10092000088BF01BF0370F6810DA193F1F05808B0002F0342F092F010448
:20B04000EEF240A46D002206370268F078068B0C20F28B0D00F5EE0AF6B6DF086A806F2945
:20B060006800821BBBB0FFFF26F96F291B006F191300768E61FF45A96DFFD0FDABFA1FAAFC
:20B0800040F402E440C56DFFC9FDABFA1FAABBB0FFFF26F9DA6F7EE558063FBF0300921BB1
:20B0A0006F29090076875806C22BC22F370F68F078066F0915808F2900F18B0F20F2864F63
:20B0C0008B0F02C03C0740F402C440C56DFFA6FDC2FA7FAB050058063FAFF77F6F29190065
:20B0E000DF08170061FF0DA96DFF98FDABFA1FAA40F402E440C56DFF91FDABFA1FAA3C0802
:20B10000C2FB61FFFEA86DFF89FDABFA1FAA58063FBFF87FBBF0F74F40A4BBF0FF6F40F516
:20B12000269440C602A59BF6FF671D00030000900248404F025F405C0269406D6D00A605FB
:20B14000022A6F0819803C083B00024040C440D56DFF64FDC2FF3FFAF97F3FF9F77F3C0BA5
:20B16000C2F909F40100DF04110040C440D56DFF55FD8AFFDF09F6FF3C083B00024040C420
:20B18000C2FF40D56DFF4AFDEEF90090910000F7D9FF2030D4F291300057D955C08B012483
:20B1A0000046015420F4EE0891300057D955C08C014530F4EE0482FF60F20090F4F4009021
:20B1C0008F141E200090404F405C02483C10C2F804C46D0081053702689004F46D007C05B1
:20B1E000370268F06E023E9352920090DF08F1FF82020090201889A61009820889A70C09CF
:20B20000024B89A80809025C911000E8028A404F82FD89A814098219D9EEFC8189A80409B3
:20B22000405C40FDB01E04DE01EE002614208F5000F1EEFADA2B3EE3DA2D7EE58BDE02F297
:20B24000780204DEB0FD91000058D9550030823440D46DFFBAFFF624823582163C18910061
:20B260000058D9551430823440D46DFFAEFFDF021580DA0349D4030A91000058D955083055
:20B2800082546DFFA2FFAB8F8052820609A4080940D440C51DFF86FD91000058D95510306A
:20B2A000822440D46DFF91FFF62C02B509A4080902C609A7180949D4020A40C51DFFEFFC73
:20B2C000DA30B01D7EEC820904DE5FEFFF7F3C077FC80580C21D61FF1EA804DE01EE0026E9
:20B2E000142F6F5FF7FFDA2EFEE4DA303C03C2FD820904DE7EE9BF0DFC7F3C067FC804802D
:20B3000061FF09A804DE01EE0026142F6F5FF8FF7695BD0C4100F4CF3C3EDA653EE3DA454C
:20B320007EEADA0074AF40A540D46DFF90FC402D54AF7801BCC449DF3FFAF4CFDF085800EB
:20B34000580112D07FC004003F0B290009A10C097A0B09A210096A21DA017B0012243C049D
:20B360004B214110C21F3F8FFDFF3F0C07005FC00A804B1A01F02E2661FFD8A709AA18090D
:20B380003C363FB007005FB00A804B1A01F02E0661FFCCA709A2140900908B1800F142F031
:20B3A000BB0068F99B8FB1F43C044BFA41A0C290FF70FD7FBB50F9FB9B6F3DF33C044BFA41
:20B3C00041A0C270BF90FD7FBBD0CCFC9BCFDCF33C044BFA41A0C210BF00FD7F7B0012F40F
:20B3E0003C04C2F04BFA41A0DF00FDFF58026E0367AABFAF02A200908F151E503754812F8F
:20B4000000906D00F1056D00B7056D006E063B7042408215821682376D00E00E3B80424082
:20B420008215820682376D00D90E6D00D90D6DFF3FEF6DFFF7EF6DFFF3BB6DFFE8B86DFF0F
:20B44000CAAE6DFFA8ED6DFF1BB482146DFF55BC910000F7D9FF14C4DA0189FF20198214BB
:20B460006DFF4BBC82043B2003506D00200F3B4001406D00F80D91000047D9441850821468
:20B480006DFFAEB3910000F7D9FF185049F4380A82146DFFA5B36D007B053C323B704240B6
:20B4A0006D008C0EF6273B70424082156D00D90E3C063B70424082056D00D30E6DFFACBA3A
:20B4C000DF12118082246DFF18BC3B2003406D00CA0D6DFFA1BADF2206003BA000406D00CC
:20B4E000C20D6DFFC7BB910000F7D9FF185049F4380A6DFF7FB33B803E406D00B40D3CCF38
:20B5000000906D00710582046D005C0A6D0040053C013C000090404F6DFF97FBB4F28202ED
:20B5200000904D40E0FF8F8F3EF08F3F00210090404F024894FF82F0C60F0F8F80406DFFC7
:20B5400074FB94F426846DFF70FB820200907649DF240800DF140600DF34040082F2009081
:20B560001DFF66FBDA0020084BF401F074A46F0F15006744BF4F40A46D008D023702E8FBBC
:20B580006E0754AF7B00F8036B0021FF74AF54AF67FFBFFF74AF3C0440A46D007C0254A2C0
:20B5A00000900B4510886DFF30FCDF02148002946DFF2BFCDF0211808F181E008F191EF0F0
:20B5C00007F060F06E042B89402000904B9801F02E0302920090028200900D00000282043C
:20B5E0006D00F00982046DFF4DC38270DA010F0F00F0892F282982146DFF15BA0D004002DF
:20B6000000800D00000282046D00DC0982046DFF39C3DA0982180FF80080892828290D00C2
:20B62000400200800D00000282046D00CB0982146DFF28C38278DA010F8F00F0892F282919
:20B640000D00400200800D00000282046D00BA0982146DFF17C3DA0982180FF800808928C5
:20B6600028290D00400200800D00000282046D00A909910000F7D9FF0C40D4FF2D0F00003B
:20B680000D00400200800D00000282046D009A0982046DFF04E8762482046DFFF6E7824429
:20B6A0006DFFFDE7762482446DFFEFE70D00400200800D00000282046D00840982146DFF38
:20B6C000EEE7762B82146DFFE0E7910000F7D9FF1840D4FF2D0F000082546DFFE0E77624C1
:20B6E00082546DFFD2E70D00400200800D00000282046D00670982346DFFD1E7762B8234DD
:20B700006DFFC3E7910000F7D9FF1440D4FF2D0F000082746DFFC3E7762482746DFFB5E7AC
:20B720000D00400200800D00000282046D004A0991000047D944A4346DFF32C20D00400269
:20B7400000800D00000282046D003C096DFF13ED6D00F3040D00400200800D0000028204EE
:20B760006D0030090D00400200800D00000282046D00280991000047D94490546DFF10C20A
:20B780000D00400200800D00000282046D001A0991000047D944BC646DFF02C20D00400221
:20B7A00000800D00000282046D000C0991000047D944A8846DFFF4C10D00400200800D00D4
:20B7C000000282046D00FE08910000F7D9FF1040D4FF2D0F00000D00400200800D000002D1
:20B7E00082046D00EF0891000047D94494A46DFFD7C10D00400200800D00000282046D005D
:20B80000E108910000F7D9FF1C40D4FF2D0F00000D00400200800D00000282046D00D208C9
:20B8200091000047D94480C46DFFBAC10D00400200800D00000282046D00C4086D00C60810
:20B840000D00400200800D00000282046D00BA0891000047D944ACD46DFFA2C10D004002C2
:20B8600000800D00000282046D00AC0891000047D94498F46DFF94C10D00400200800D0074
:20B88000000282046D009E0891000047D944C4146DFF86C10D00400200800D000002820429
:20B8A0006D00900891000047D944F0246DFF78C10D00400200800D00000282046D0082087A
:20B8C00091000047D944DC446DFF6AC10D0040020080C234B70402F06E659249DF09630051
:20B8E000910000F7D9FF4C6454FFEE1582046DFF4FFC802F325F160392446DFF49FC802025
:20B90000DFF051001022F4F291000047B542486482007420D4FC820A3C0310CCB0FC54CF18
:20B920006E036F0FFCFFF4FC3C1DB70801F010CF6F08188054FFEE1182046DFF29FC49F490
:20B94000040A7D420F80325802846DFF21FC802F1EF874CA82083C0CAE0442F874C840CFE6
:20B9600040FC54C876856F08E2FF3F98E0FFDF082680BF19180002946DFF0AFC802F9EF2A2
:20B9800049CF040A01F220F4EE0D012F30F4EE12802F325F1603102F92446DFFF9FB802FAE
:20B9A0005EF3A002009001CF2020802F960174CF40FC01C900F674FA3C0A9A493FF807801A
:20B9C00001C900F6A29874F83C0202898F1940F174CF49C2040A0090DF043000404FBF848E
:20B9E0002780804F8F3F000180518F3100115F101F802E06C2F4045F344F494F010A80FF60
:20BA00002E16045F24FFC2E4045F24FF8F7400018FD41FF06E0B02F14052C2F16016092268
:20BA2000480189F24801FC6CD05502047646C2F46042045F24FFFC2E40420090404FBF85BD
:20BA40002380804F2E05C2F53444494F010A80FF2E1424F4C2E524F48F7500F106D5DF0523
:20BA60001200D200764A370468008F802010A6108F002110A6100201C2F5605289F04801E6
:20BA8000FC2E02F57655C2F5605224F4FC2F40420090024F370FE81B8F1F1E00DAFF7E1728
:20BAA000024F7444B70F89FB6E123C0B8FF00150DA7F7FF10900DA00B70F81FFA65F744FE2
:20BAC00002420090DA963FF10A007444DA00B70F81FF8FF00120A6F20090B704890B8F71F9
:20BAE000012082F38B6109110F1300302630B700890BA652A60274426B0231F4B70F812F59
:20BB0000A6520090024920087B00B0FC4BF901F01603EE077B00B0844B8901F016066E03BF
:20BB20000292009040A482446DFFF7FC4BF901F0AE066B0821F96B0831FF3C056B0831F9E1
:20BB40006B0821FF40A482446DFFF4FC02F20090024F8204370F68506D00B51E02F23C0182
:20BB60000090024820083708E80BDA968F181E907F0F04000282009040A482446DFFCDFC47
:20BB80006DFFD1FC022A82046DFFE3FCB708810F7B00B0146B0121206B0131126B003111D8
:20BBA0007B00F0F34BF101F02E247B00F8FB3C097B00F0FB4BF101F016036E037B00F8F372
:20BBC0006B00210140A482446B0F21F06DFFB2FC02A46DFFBEFC769467FFBF2F009002F2DB
:20BBE00000906F770C006F0505808FF707F16E06C215EF850400C21606F5B70589FB8F7671
:20BC000001008F840120A60FA6F20090201049A6100AA00FF4AF89A4840982FF780240A4EE
:20BC20006DFF94F5D801DA0034FF009002483708E8FBEE05820402851DFFE0FB6DFFDCF8F6
:20BC4000DF022280DA004BF801008F3000F16E056F001A001DFFD6F74B0891F17B00F0036B
:20BC60004B0841007B00FC134BF041206BF271214B2F41F04BF041006BF071014B0F41F09C
:20BC80004BF8418002820090404F044FEEFF01F420F080F2C2F200903C08C2F4044F045061
:20BCA0006E023E0352020090DF04F9FF820200903B9069672008BBC07D7C3BB0FD4F3B60F7
:20BCC00002509B66F9639B9705747B00F8F774AF1DFF92FA911000F8D9FFFC8101F400F6FC
:20BCE000081F1610AB041E2F0090094F7C086E023C7B4C4EC21F6C4E4C4E4B0F61F1BB70C2
:20BD0000710B9B1085034B0F4130DA004BF301F0370F61F06E084C43744F4C446C41DA002A
:20BD20006C423C624C4A4BF301F0370F61F06E194C467B00F0034B0F41004B3341104C44DA
:20BD400009420C096B3F61F26B1061FF744F4C46094010096B3F61F06C414C466C423C448C
:20BD60004C4A09402C096B0021FF4BF301F0370F61F06E0F09401C094C4A6B0F31134C498A
:20BD80006B1061FF744F4C476C41DA006C423C2C4C4D4BF301F0370F61F06E164C4D6B0FDF
:20BDA00031034C487B00F0134B1F41104B0041204C456B2161FF744F4C484B0F41F06C41CA
:20BDC0004C486C423C114C4D4BF301F016068B0F20F26E0A4C45744FDA006C41DA006C4269
:20BDE000DA01894F3C0800902008404F0B4510880B6710A809AC080909AD0C096B0931E8D5
:20BE00004BAA41007B0000F44BFD41F04BF0514002A56DFFF3FA6B02314E6DFFD3F9762579
:20BE20007B00F8FB74AF3C047B00F8F374AF3C014BCF41F06CF654AF67FFBFFF4BDF41F03C
:20BE40006CF854AF4BBF41F06CF754A14BA141F04BB141004B0141004B0F01F0370F61F11E
:20BE60006E066711BFFF4BCF41F06CF6487F6B0A310F486F4BF051F06CFA487F67FFBF0F5B
:20BE8000488F4BF051F06CFC48AF7B00F0034B0F4100487F6B0A211F48CF7B00F0234B2F4C
:20BEA0004120487F4BF241F06B10610F54A14BE141F04B0141104B1F01F0AE086B00310E57
:20BEC000487F4BF051F06CFB3C3648804BAA4110486F7B0000244B2F4120488F4BF241F0C2
:20BEE0004BEF41F06B10610F4881486F6B0F31F14BF0514082056DFF56FB02246DFF98FE98
:20BF000054AF4B2F41F06CF78204487F6B0A310F486F4BF051506DFF46FB68A28204487F77
:20BF200067FFBF0F488F4BF051506DFF3CFB68C2DA006CFB48A048BF6B0F210048CF6B0FF1
:20BF400021F06CFD6839684A6858486F7B00F0034B0F410048A148AF4BF1411048AF6BFACB
:20BF600061F96B1061FF6CF9DA006CFEDA0089FF3C0800906D0016056D0036006D003F00D6
:20BF80006D002E0882046D001D0500904DC0E1FF16073C016E083C01910000F7D9FF50842B
:20BFA00014FF6EFB4DC0E1FF16073C01910000F7D9FF508410FFDA0134FF8218DA003C0BB2
:20BFC000910000F7D9FF508410FF14F0E20837086880C21FBF2FF6FF82146D004408DF080F
:20BFE000EE7F00906DFF69E402246DFFBDE36DFF78E402246DFFFCE30090910000F7D9FF30
:20C0000054846DFF6ADD68224DC0E1FF8F7F00413C01910000F7D9FF54846DFF95DC681203
:20C02000910000F7D9FF54846DFFF2DD74F2C5FF0001BCF182046DFFBADD913000FF39FF34
:20C040003006160F4B0F41F14BF251F03C013C01910000F7D9FF54846CF30090404F0258F1
:20C06000F64791000027D9222830142FEE023C1F91000027D9222430142F6E033C013C00B6
:20C0800091000027D9222430DA00C21F342F6D007D043C0C91100048D944DCE1A00640F5A7
:20C0A00002846D0063006D0004003CF500902008DA0074AFDA007801DA0074AF3C0FDA005E
:20C0C00078013C045801C21F780158013BF0FF017FF0FAFF54AFC21F74AF54AF3BF0FF00D4
:20C0E0007FF0EFFF0090201849A4000A6D001F02911000F8D9FF505CF80249A4000A6D001B
:20C10000DA0182043B90D0530665820682076D00AC1491000047D9447C94820491000057B4
:20C12000D95578843B0004506D006F02820482156D0064180090910000F7D9FF2C3014FF03
:20C140006E13820491000047D94478946D00431891000047D9447C9491000057D9557894E8
:20C1600082146D0048030090D9AAE86F404C405D0248406E820089A08C08DA00ACA7DA00A0
:20C180007804DA00ACAADA00ACAB40D46DFF7EFD89A2100991000027D9226484092FC008E8
:20C1A0006E08910000F7D9FF6484C84F2D0F0000910000F7D9FF2C3014F0DF007B019100C2
:20C1C00000F7D9FF648409FFC008DF0F3F0109A096088CABC21FACAB910000F7D9FF6484AC
:20C1E000C83F82043700705040C42D0F000040D46DFF4CFD89A21009910000F7D9FF648426
:20C2000009F0C208910000F7D9FF6484086F4BF0010289A094083C0109DF0008B01DEEFDB4
:20C22000DA00ACA73C11B0FD09D00008DA2F3E0509D00008DA5C7E0509AFCE08C21FACA74E
:20C240005804C2FF780409AFCE08FF2F05805804FF0FEB7F58040EFCB01DF4AD49A4180A4D
:20C2600091100058D955C0D16DFFD2FC3C1709AFCE08EE0BF4AD49A4180A91100058D9551B
:20C28000CCD16DFFC5FC3C0AF4AD49A4180A91100058D955C0D16DFFBBFCDA00ACA63C4C4F
:20C2A000DA00ACA73C2349A4180A6DFFEFFC09A0CC088CAA09A1CE0803F00AF17FF2038077
:20C2C0003C1A09AFCE0810AF49FF184A09A0CC088CAA09A1CE0803F00AF110A2092F1808E6
:20C2E00034FF09AFCE08C21FACA709A0CE088CAA3FF0DB7F09AFCE0810AF49FF184ADA003A
:20C3000034FF910000F7D9FF648408708CABE2F08CABC21FACAB910000F7D9FF6484C83F63
:20C3200082043700705049A4184A2D0F000009AFCC08C21FACA609A9CC0849A4180A6DFF35
:20C34000A5FC8CAA4BF211029A103FF9ABFF74A849A4180A91100058D955DCD16DFF58FC6B
:20C36000910000F7D9FF6484087F09A09608E2F08CABC21FACAB910000F7D9FF6484C83F17
:20C3800082043700705049A4180A2D0F0000A00F7DEF5B00DA00ACA63C4CDA00ACA73C2220
:20C3A00040E46DFF73FC09A0CC088CAA09A1CE0803F00AF17FF203803C1A09AFCE0810AFC6
:20C3C00049FF184A09A0CC088CAA09A1CE0803F00AF110E2092F000834FF09AFCE08C21FBE
:20C3E000ACA709A0CE088CAA3FF0DC7F09AFCE0810AF49FF184ADA0034FF910000F7D9FF47
:20C400006484087F09A09608E2F08CABC21FACAB910000F7D9FF6484C83F82043700705059
:20C4200049A4184A2D0F000009AFCC08C21FACA609A8CC0840E46DFF29FC8CAA4BF21102F2
:20C440009A103FF8ACFF3C3549A4185A82043B0010506DFFF5FA910000F7D9FF6484C82FC5
:20C4600040C42D0F0000A00F7DEF1000F4AD89A8040989AE880949A4185A91100058D95524
:20C48000E8D16DFFC5FB3C0CF4AD89A8040949A4185A91100058D955C4E16DFFB9FB9100B4
:20C4A00000F7D9FF6484C82F49A4185A2D0F00000090910000F7D9FF6484094FC008B4FF88
:20C4C000910000F7D9FF6484094FC208ACF1910000F7D9FF6484094FC408ACF2910000F7C3
:20C4E000D9FF64840C462CF6910000F7D9FF64840C472CF7910000F7D9FF64840942880926
:20C50000E822910000F7D9FF648409428C09E83291000027D9226484CC44EC24910000F78C
:20C52000D9FF2C30DA0134FF0090DA00B44FBBF0FFFFAC41BBF0FFFFAC42DAFF2C46DAFFFB
:20C540002C47A00FEC42A00FEC43A00FEC44009082046D00C3190090404FA00201F2104467
:20C5600091100048D944ECE13B5005506DFF78FD820814FF960134FFDA006CF2DA006CF34F
:20C58000485F6CF4081F82003E0682103E0A8220BE003C17C814820448556DFF51FA3C1117
:20C5A000C8148204485F532F20506DFF49FA3C09C8148204485F534F20506DFF41FA3C018D
:20C5C000DA0034FF02823C0100904C43424F6C433C064C4309401409A20F6C434C450940BD
:20C5E0000C097FF0F8FF00904C42424F6C423C064C4209401409A20F6C424C4509400809E3
:20C600007FF0F8FF0090404F024F405C0258A00201F2104491100048D944ECE13B202250C5
:20C620006DFF1EFD8202E81C820034F02CF1DA006CF2DA006CF3684868583C010090404FEB
:20C64000405C406D0249A00201F2104491100048D944ECE13B1016506DFF02FDA00201D2F9
:20C66000104491100048D944ECE13B2016506DFFF7FC82088200A0027DC2058082381D002A
:20C68000900014FF16036E0574D082681D009F0040F46D009F0054D07F020B8074D28278D1
:20C6A000F62714FFB70F81F134FF1D00900014FF960834FF485F4830520A54D03F0A2B80BB
:20C6C000081F82003E0682103E0C8220BE063C21C812483F102554D440C46DFF7FF93C19D3
:20C6E000C812483F532F20F0102554DF532F204040C46DFF73F93C0DC812483F534F20F0C5
:20C70000102554DF534F204040C46DFF67F93C013C43081F82003E078210BE0482205F0FD1
:20C7200027003C3AC812483F102540C402A46DFF55F901CA0046C81554D4A2A46DFF4EF953
:20C740003C2BC812483F532F20F01025532A204040C46DFF43F9532A20F010C4C81554DF50
:20C76000A2AF532F20406DFF39F93C16C812483F534F20F01025534A204040C46DFF2EF9BA
:20C78000534A20F010C4C81554DFA2AF534F20406DFF24F93C0114FFB70F81F134FFDF0989
:20C7A000168014F0DA0B7E0382283C1014FF960234FF54D440F46DFF0AFF484F54D0420FC8
:20C7C0006CF414FFB70F81F034FF02823C010090404FA002012F104491100048D944ECE1A3
:20C7E0003B6007506DFF3CFC485F484052023C010090404F405C0248A00201F21044911054
:20C800000048D944ECE13B000B506DFF29FC8209A0027DC2058082391D00B50014FF160513
:20C820006E0482491D00AF0014FF960434FF484F3F8FA480485F4820520A7F8A6980081011
:20C84000DA003E0882115F012000DA025F0F3E003C5DC812482F102440C502A46DFFBEF832
:20C8600040F402A46DFFC2FEC812482F102401CA00560BA880406DFFB1F80BA8804040F4DD
:20C880006DFFB4FE3C43C812482F532F20F01024532A204040C56DFFA1F840F402A46DFFB7
:20C8A000A5FEC812482F532F20F01024532A20F010C55AA8532F20406DFF90F80BA8804011
:20C8C00040F46DFF93FE3C22C812482F534F20F01024534A204040C56DFF80F840F402A4D2
:20C8E0006DFF84FEC812482F534F20F01024534A20F010C55AA8534F20406DFF6FF80BA807
:20C90000804040F46DFF72FE3C013C33081F82003E068210BE008220BE0D3C2BC812482F39
:20C92000102440C502846DFF59F840F402846DFF5DFE3C1FC812482F532F20F0102453280D
:20C94000204040C56DFF4AF840F402846DFF4EFE3C10C812482F534F20F0102453482040D4
:20C9600040C56DFF3BF840F402846DFF3FFE3C01484FA28F6CF43C02825914FFB70F01F167
:20C9800034FF02923C0100906D000C006D0080046D0070086D00880382046D001300009026
:20C9A0004DC0E2FF370FE1F78B0F20F23C010D00400300003C013C018B0F00223C0100902F
:20C9C000F6430D00000300902010DA0089AF0609910000F7D9FF3C3014FFDF0FB8003C0A62
:20C9E00091000047D94454A449A50A0A82146DFF02FF823449A40A0A6D00ED13DF02F2FF4F
:20CA00000CAA3BA000005F0FA280DA0689AF060991000047D94454A449A5000A49A6060AEA
:20CA200082146DFF0EFE49A4030A91100058D955D4F182346DFF32F9DF022480910000F7A8
:20CA4000D9FF383014FF9E2C910000F7D9FF3830DA0134FF91000047D94454A46DFFBAFED2
:20CA600089A2060991000047D94454A491000057D9556CC449A6060A82046DFFE2FD3C5AE3
:20CA800049A4030A91100058D955D8F182346DFF05F9DF022480910000F7D9FF343014FF30
:20CAA0009E2C910000F7D9FF3430DA0134FF91000047D94454A46DFF8DFE89A2060991002B
:20CAC0000047D94454A491000057D9556CA449A6060A82046DFFB5FD3C2D49A4030A91102D
:20CAE0000058D955DCF182346DFFD8F8DF022380910000F7D9FF004014FF9E2C910000F768
:20CB0000D9FF0040DA0134FF91000047D94454A46DFF60FE89A2060991000047D94454A411
:20CB200091000057D9556CE449A6060A82046DFF88FD91000047D94454A46DFF0FFD910023
:20CB400000F7D9FF3030DA0134FF00905A650EF35A653C035A65325F82204B0401027FF097
:20CB60000F00DA024BF401027F500600A2450B6580203C0442450B6580203C030B65802096
:20CB80003C0100900248532820F0910000F7D9FF044010FF09F9C008DF082F80DA006E0A8E
:20CBA0003BA016406D009002B0423B00400074203C093BA016406D008702B0427B0040002B
:20CBC00074208214BB1002586D002A0E022ADA016E0A3BA016406D007702B0423B0040005E
:20CBE00074203C093BA016406D006E02B0427B00400074203C3ADA006E0A3BB016406D0097
:20CC00006302B0423B0080F0742F3C093BB016406D005A02B0427B0080F0742F82143B00CF
:20CC200008506D00980E82143B1002506D00930E82146D00610E8F8220A082146D005C0E98
:20CC4000A62ADA016E0A3BB016406D003D02B0423B0080F0742F3C093BB016406D0034025B
:20CC6000B0427B0080F0742F532820F0910000F7D9FF044010FFB70A91F7B4FF532820F06F
:20CC8000910000F7D9FF084010FFBB000048B70A915702966DFF5CFFB4F2532820F0910010
:20CCA00000F7D9FF084010FF532820F091000027D92208401022942F1B0F00FCB4FFB70A39
:20CCC00091273C0100902010DA6EB4AFDA73ACA23BD018F0ACA4821482153B00D0629B16AB
:20CCE00013603B7006706D002B083BA016408215821682376D007202DA6EB4AFDA73ACA2C0
:20CD00003BD018F0ACA4821482153B00D0629B1613603B7006706D0013083BB01640821571
:20CD2000821682376D005A0282023C0100900090DA104BF401023B0040F0E2F0600F91206F
:20CD4000003F30F3D93F4000DA104BF40102534120F010FF19FF00C03C01370F680C6F708C
:20CD6000E97F910000F7D9FFB80401F400F614F0532020008B40000137006800B70F142642
:20CD800032500F0200203C01009020B00B45108849A4100A9120005F6DFF05C3910000F788
:20CDA000D9FF204014FFEE0E910000F7D9FF2040821034F049A4000A49A5100A6DFFC8C2C1
:20CDC0003C03D804F4AF49A4380A49A5000A6DFF8BC2DA104BF8010289A03C0809A07C08EB
:20CDE00089A03D08DA0189AF3918DA0189AF2418BB50F9FB9B6F3DF37810BB50F9FB9B6F48
:20CE00003DF37814DA104BF80102910000F7D9FFAC0401F000F614FFEE13DA104BF80102EB
:20CE2000910000F7D9FFAC0401F000F6DA0134FF49A4040A49A5380A6DFF44BF3C1209AF4D
:20CE40007C082CACD80ED4FFF80109AF7C083B004000E20FD80ED4FF10FFD9FF4000F80242
:20CE600049A4142A49A5040A6DFF1DBFDA104BF8010289A12028DA104BF8010289A12328FC
:20CE800049A40C2A49A5142A6DFF6DBD82053B000260D824C81409A40C286DFFA2BBDA002D
:20CEA000D80282003E0682103E0A82203E0E3C1309FF4548960289FF05483C0D09FF6548BB
:20CEC000960289FF25483C0709FF4558960289FF05583C01910000F7D9FFB80401F800F618
:20CEE00034F900900D00000282046DFF6BFDC5F4000182046DFF56DD910000F7D9FF244069
:20CF0000DA0034FF0D00400200800D00000282046DFF58FDC5F4004182046DFF43DD910042
:20CF200000F7D9FF2840DA0034FF0D004002008002484DC0E1FF16073C01370F48404DC072
:20CF4000E20F3700E1078B0020F23C013C01EE0D6DFF46DD092010093C013C014C243C01B7
:20CF6000A20F3F8FFDFF3C3A82FF5F4F3700DA003E44DA01BE4A3C32910000F7D9FF2440E9
:20CF8000DA0134FF6DFF0EFD85FF100142F8A5F8300102246DFF16FD3C01910000F7D9FF2D
:20CFA000244014FFEEFB3C1A910000F7D9FF2840DA0134FF6DFFF6FC85FF1041428FA5FF3D
:20CFC000304102246DFFFEFC3C01910000F7D9FF284014FFEEFB3C023C01009020104DC00B
:20CFE000E2FF370FE1F78B0F20823C010D00400300003C013C01820034A0DA002CA2DA1FF8
:20D000002CA3DA002CA1DA017801DADCACA4DA002CAAC5F4000149A5000A6DFF0CDDC5F4D0
:20D02000000182046DFFBEDCDA0034AFDA002CA2DA1F2CA3DA002CA1DA017801DADDACA434
:20D04000DA022CAAC5F4004149A5000A6DFFF3DCC5F4004182046DFFA5DC76830D0000037B
:20D060000090024FBB00C4097FF017803C0A3B0080429BB4E64E6DFF5DFFBB00C409A20F7A
:20D08000BB00C4093FF0F5FF3B50C3400654E2F46DFF50FF3C073B50C3400654E2F46DFFFF
:20D0A00049FF0090DA003C0C534F2000600F9140003F30F3D93F8028820074F0C21FBF4F7D
:20D0C000F57F0090BB00FEFF26F4DA005F4F3200DA405F4F34003B0014F05F4F35003B0067
:20D0E00016F05F4F36003B001AF05F4F37003B001CF05F4F38003B001EF05F4F39003B0084
:20D1000028F05F4F3A003B002AF05F4F3B003B002CF05F4F3C003B002EF05F4F3D003B0011
:20D1200040F05F4F3E003B0042F05F4F3F003C429140002FD922000A3C3E9140002FD92281
:20D14000008A3C399140002FD922808A3C349140002FD92280CA3C2F9140002FD922C04AA6
:20D160003C2A9140002FD922C08A3C259140002FD922C0CA3C209140002FD922400B3C1B25
:20D180009140002FD922404B3C169140002FD922408B3C119140002FD92240CB3C0C914085
:20D1A000002FD922000C3C079140002FD922004C3C023C013C010090024F02F46DFF84FF31
:20D1C000161F09202409570061FF6E0382123C0282023C013C0100900B451088026AF69D55
:20D1E000DA003E74DA023E743C05DA003C05DA083C03DA103C013C08DA043E723C03DAC0C6
:20D200003C03DA803C0102846DFF5EFF8FF80141402402F56DFF84C302846DFF55FF8FF845
:20D220000141820540246DFFADC3DF19198076AC02846DFF49FF8FF801F182100FF01000DE
:20D24000892004093C0C02846DFF3EFF8FF801F17B1000000FF01000892004090090024FF7
:20D26000765B02F46DFF30FF161F82100FF01000892004093C0B02F46DFF26FF161F7B1032
:20D2800000000FF01000892004090090911000F8D9FFDC8FD4F46DFFCAB4911000F8D9FF3A
:20D2A000DC8FC8246DFFC3B4009020880249025A4DC0E2FF370FE1F78B0F20B23C010D0093
:20D2C000400300003C013C01DA024BF901426DFFD9B4402F49A4240A40F56DFFFFB76DFFE8
:20D2E00097D402246DFFFBE30B2310C882083C1C820702A60BCD10486DFF94960B231048EE
:20D30000BB0024649BF6006082076DFF7B97BBF0FFFF7FF203803C0B8FFD1F1077CD800F60
:20D320000B0110C8C218DA103FF8E4FFDA103FF80280DA003E98DA013E9DDA02BE92DA0319
:20D34000BE973C1DDA0089AF2418DA3289AFA2183C16DA0089AF2A18DA3389AFA8183C0FDD
:20D36000DA0089AF2418DA3489AFA2183C08DA0089AF2A18DA3589AFA8183C01DA024BF963
:20D380000102DF011780DA0089AF0018DA0789AF2018DA0189AF211889A228090BCD1048C0
:20D3A0006DFF7FE489A22409DA0089AF0C183C15DA0189AF0018DA0989AF2618DA0289AF27
:20D3C000271889A230090BCD10486DFF6AE489A22C09DA0089AF1418DA0089AF9A18DA0084
:20D3E00089AF9C18DA0089AF012849A4000A49A5240A6DFFAEB502BF6E030D0000034D0095
:20D40000D0FF16015E19DA0182103700010E37F0040C89F0283949A4000A6DFF79B70090C8
:20D42000DA853F4F0D00DA003FF40A005AF4911000F8D9FF080290FFD4FFDC0F1D000E0397
:20D4400091100028D922C8FF1D00120391100028D922E4DF1D000C0391100028D922F4EFB5
:20D460001D00060391100028D922E0EF1D00000391100028D922CCEF1D00FA029110002872
:20D48000D922F8DF1D00F40291100028D922DCFF1D00EE0291100028D922F0FF1D00E80241
:20D4A00091100028D92204001D00E20291100028D92214101D00DC0291100028D9220010EC
:20D4C0001D00D60291100028D9222C001D00D00291100028D92218001D00CA0291100028EA
:20D4E000D92228101D00C40291100028D9223C101D00BE0291100028D92238201D00B80236
:20D5000091100028D92224201D00B20291100028D92210201D00AC0291100028D9220C3073
:20D520001D00A60291100028D92220301D00A00291100028D9221C401D009A0291100028B1
:20D54000D92208401D00940291100028D92234301D008E0291100028D92230401D00880225
:20D5600091100028D92204501D00820291100028D92214601D007C0291100028D9220060FB
:20D580001D00760291100028D9222C501D00700291100028D92218501D006A0291100028A9
:20D5A000D92228601D00640291100028D92224701D005E0291100028D92210701D005802D5
:20D5C00091100028D9223C601D00520291100028D92238701D004C0291100028D92234802B
:20D5E0001D00460291100028D92220801D00400291100028D9220C801D003A029110002891
:20D60000D92208901D00340291100028D92230901D002E0291100028D9221C901D0028029C
:20D6200091100028D92228B01D00220291100028D92204A01D001C0291100028D92214B0E2
:20D640001D00160291100028D9222CA01D00100291100028D92200B01D000A029110002870
:20D66000D92218A01D00040291100028D92210C01D00FE0191100028D92224C01D00F80166
:20D6800091100028D92238C01D00F20191100028D9223CB01D00EC0191100028D9221CE044
:20D6A0001D00E60191100028D92234D01D00E00191100028D92208E01D00DA019110002833
:20D6C000D92220D01D00D40191100028D9220CD01D00CE0191100028D92218F01D00C8012F
:20D6E00091100028D9222CF01D00C20191100028D92230E01D00BC0191100028D92204F004
:20D700001D00B60191100028D92268001D00B00191100028D92254001D00AA019110002892
:20D72000D92240001D00A40191100028D92264101D009E0191100028D92278101D009801F6
:20D7400091100028D9227C001D00920191100028D92250101D008C0191100028D9224C20DB
:20D760001D00860191100028D92260201D00800191100028D92274201D007A01911000286A
:20D78000D9225C301D00740191100028D92248301D006E0191100028D92270301D006801BE
:20D7A00091100028D92258401D00620191100028D92240501D005C0191100028D9226C404F
:20D7C0001D00560191100028D92244401D00500191100028D92254501D004A019110002886
:20D7E000D92250601D00440191100028D92264601D003E0191100028D9227C501D00380152
:20D8000091100028D92268501D00320191100028D92278601D002C0191100028D9227470AE
:20D820001D00260191100028D92260701D00200191100028D9224C701D001A019110002851
:20D84000D92248801D00140191100028D92244901D000E0191100028D9225C801D00080149
:20D8600091100028D92270801D00020191100028D9226C901D00FC0091100028D92258904F
:20D880001D00F60091100028D92254A01D00F00091100028D92240A01D00EA00911000283C
:20D8A000D92268A01D00E40091100028D92250B01D00DE0091100028D9227CA01D00D800D0
:20D8C00091100028D9224CC01D00D20091100028D92264B01D00CC0091100028D92278B0DC
:20D8E0001D00C60091100028D9225CD01D00C00091100028D92248D01D00BA0091100028FC
:20D90000D92274C01D00B40091100028D92260C01D00AE0091100028D92270D01D00A8008F
:20D9200091100028D9226CE01D00A20091100028D92258E01D009C0091100028D92244E07B
:20D940001D00960091100028D92240F01D00900091100028D92268F01D008A0091100028E7
:20D96000D92254F01D00840091100028D9227CF03C7E91100028D922B8003C7991100028E3
:20D98000D92290003C7491100028D922A4003C6F91100028D922A0103C6A91100028D9225B
:20D9A0008C103C6591100028D92288203C6091100028D922B4103C5B91100028D9229C2083
:20D9C0003C5691100028D92284303C5191100028D922B0203C4C91100028D92280403C478D
:20D9E00091100028D92298303C4291100028D922AC303C3D91100028D922BC403C3891102F
:20DA00000028D922A8403C3391100028D92294403C2E91100028D92290503C2991100028B8
:20DA2000D9228C603C2491100028D922B8503C1F91100028D922A4503C1A91100028D922A6
:20DA4000A0603C1591100028D92288703C1091100028D922B4603C0B820491100048D944C2
:20DA6000E0F13BD00D506DFFFBF2A0023C01009020389100014F6DFFBABC910001FF19FFE1
:20DA800000C0AE1F9100014F8204BB0068599B85B9546DFFBDBE9100014F82246DFF9CBEB5
:20DAA00049A4000A9100015F6DFF40BE82083C1982093C13370868F02CA4370948F02CA5AB
:20DAC00049A4240A49A5000A6DFF8FBD49A4240A82146DFF6DBEC219DA083FF9ED7FC218F8
:20DAE000BF48E87F00902038024F0B5610883B0071020B90504191100048D944E0F13B207A
:20DB000013506DFFADF202F46DFF8CFC402F14FF82003E0882103E0782203E0682303E05B1
:20DB20003C053C043C033C023C019100014F6DFF5EBC9100012F192F00C0AE1F9100014FCC
:20DB40008204BB0068599B85B9546DFF61BE9100014F82246DFF40BE49A4000A9100015F32
:20DB60006DFFE4BD14FF2CA409FF01082CA5BB0068F99B8FB9F44B0861014B0F51F04B0F36
:20DB800071F17802F807DA0189AF130814FF82003E0A8210BE0882205F0F260082305F0FF1
:20DBA00033003C418205029409A6080982076DFF3992FB0071620B2310486DFF239389A277
:20DBC0000C093C318205029409A6080982076DFF2992FB0071620B2310486DFF139389A2A5
:20DBE0000C093C218205029409A6080982076DFF1992FB0071620B2310486DFF039389A2B5
:20DC00000C093C118205029409A6080982076DFF0992FB0071620B2310486DFFF39289A2C5
:20DC20000C093C0149A4240A49A5000A6DFFDDBC49A4240A82146DFFA7BD0090024F0258BE
:20DC40003B0071020B80504191100048D944E0F13B1011506DFF04F202F46DFFE3FB402F66
:20DC600014FF3B008000E20F60F291F0013F3023D934000809F401086DFF46BC14FF820061
:20DC80003E0A8210BE0682205F0F220082305F0F2D003C3982050284820702266DFFC29175
:20DCA000FB0071620B2310486DFFAC9202283C2B82050284820702266DFFB491FB00716298
:20DCC0000B2310486DFF9E9202283C1D82050284820702266DFFA691FB0071620B231048EA
:20DCE0006DFF909202283C0F82050284820702266DFF9891FB0071620B2310486DFF8292FA
:20DD000002283C0114FF3B008000E20F60F291F0013F3023D934000809F4010802856DFF69
:20DD200015BC0090094F4218370FE3013C04094F10293C01020FC2F0EEFB009049AA10BA9F
:20DD40000B4510880B6710A809ACB04809ADB44809AEB848DA644BFB01020B08004191101F
:20DD60000048D94420823B003D506DFF79F1DA644BFC01020B08004191100048D94420827A
:20DD80003B103D506DFF6CF1DA644BFD01020B08004191100048D94420823B203D506DFF09
:20DDA0005FF13BD018F03EEEDA644BFE01020B08004191100048D94420823B503D506DFFCA
:20DDC0004FF1910000F7D9FFA034B4FE370848406DFF54C0402CB4AE49A4203A49A5383A61
:20DDE0000B8B10480BCD10686D00900149A4040A40C56DFF99C4DA002CA4BB00C2FB9BEF72
:20DE0000C3F47805DA002CAC49AF203AF80949A4300A49A5040A6DFF5EC249A4004A49A5F5
:20DE2000300A6DFF3AC24B0A61F17841DA003E99DA01BE93DA02BE9EDA035F9F27003C315C
:20DE400009AF4848B70F81F189AF084809AF4848961089AF08483C2509AF4848B70F81F163
:20DE600089AF084809AF4848B70F01F289AF08483C1809AF4848960889AF084809AF484887
:20DE8000961089AF08483C0D09AF4848960889AF084809AF4848B70F01F289AF08483C01D7
:20DEA00009AF4848962089AF084809A0C848DA0837F006F389AF884809AF4948B70F01F217
:20DEC00089AF094809A2F83989A2DC493BD018F07EE609AF4848960489AF084849A43C1A69
:20DEE00049A5004A6DFFD5C03BD018F05FEF2D80D840D4FFC8AF09FF5108B70F01F389FFD6
:20DF0000110882048205820640C46DFF00C0910000F7D9FFA0343BD018F0B4FFDA003E8889
:20DF2000DA013E89DA023E8ADA033E8B3C0D3B2001E03C0A3B8007E03C073BE00DE03C04FD
:20DF40003B4014E03C01DA0509C0560837F003F289CF1608534820F0910000F7D9FF9034AE
:20DF600010FF4CC674FF534820F0910000F7D9FF903410FF534820F091000027D92290340D
:20DF80001022092FC208B77F85F3ACF1534820F0910000F7D9FF903410FF534820F09100E8
:20DFA0000027D92290341022142FB71F03F234FF534820F0910000F7D9FF903410FF53488F
:20DFC00020F091000027D92290341022142FB71F83F034FF534820F0910000F7D9FF9034FA
:20DFE00010F2534820F0910000F7D9FF903410FF081FB71F03F12C21534820F0910000F7D0
:20E00000D9FF903410FF534820F091000027D92290341022092FC008B71F83F3B4FF534867
:20E0200020F0910000F7D9FF903410F2534820F0910000F7D9FF903410FF082F96202C2291
:20E04000534820F0910000F7D9FF903410F2534820F0910000F7D9FF903410FF082FB70F14
:20E0600081F12C22534820F0910000F7D9FF903410F2534820F0910000F7D9FF903410FF31
:20E08000082FB70F01F32C22534820F0910000F7D9FF903410F2534820F0910000F7D9FF65
:20E0A000903410FF082FB71F03F02C22534820F0910000F7D9FF903410F2534820F0910032
:20E0C00000F7D9FF903410FF081FB71F83F22C21534820F0910000F7D9FF903410F2534873
:20E0E00020F0910000F7D9FF903410FF0830DA664BFE0122DA064BF301229AD2370F68F0AE
:20E1000037F004F22C2300900B67108894AF404F405C3B80000089F014083B00080028C010
:20E120003B0008002840820089F01508820089C005083B00080089C0040882005F400D007E
:20E1400082105F40C20082205F408B0182305F4087021D006403F65791100028D922DC10A4
:20E16000F4F23C12DF15088091100028D922EC10F4F23C0A820491100048D94420823B207A
:20E1800004506DFF6DEFDF68088091100028D922FC00E8223C12DF78088091100028D922D9
:20E1A000CC10E8223C0A820491100048D94420823B6004506DFF54EF3BC000005F0908807C
:20E1C00091100028D922EC00E8423C0A820491100048D94420823B9004506DFF41EF3B20DB
:20E1E00001007E07911000F8D9FFFC10F4CF3C6A3B8001007E07911000F8D9FFE420F4CF3A
:20E200003C613BE001007E07911000F8D9FFF820F4CF3C583B4002007E07911000F8D9FF6D
:20E22000CC30F4CF3C4F3BA002007E07911000F8D9FFE030F4CF3C463B0003007E07911008
:20E2400000F8D9FFF430F4CF3C3D3B6003007E07911000F8D9FFC840F4CF3C343BC00300C1
:20E260007E07911000F8D9FFDC40F4CF3C2B3B2004007E07911000F8D9FFF040F4CF3C22BC
:20E280003B8004007E07911000F8D9FFC450F4CF3C193B0006007E07911000F8D9FFD02076
:20E2A000F4CF3C103BD018007E04A00FF4CF3C0A820491100048D94420823B7005506DFF58
:20E2C000CFEE1D00AC023B6006005F05088091100028D922E860F4F23C143B7006005F05D2
:20E2E000088091100028D922F860F4F23C0A820491100048D94420823BF005506DFFB0EE96
:20E300003BC006005F08088091100028D922F850E8223C1E3BD006005F08088091100028D4
:20E32000D922C860E8223C143BE006005F08088091100028D922D860E8223C0A82049110DD
:20E340000048D94420823B4006506DFF89EE3B2007005F09088091100028D922D850E8429A
:20E360003C143B3007005F09088091100028D922E850E8423C0A820491100048D944208251
:20E380003B8006506DFF6CEE3B8007007E07911000F8D9FFC870F4CF3C613BE007007E07AF
:20E3A000911000F8D9FFDC70F4CF3C583B4008007E07911000F8D9FFF070F4CF3C4F3BA047
:20E3C00008007E07911000F8D9FFC480F4CF3C463B0009007E07911000F8D9FFD880F4CF61
:20E3E0003C3D3B6009007E07911000F8D9FFEC80F4CF3C343BC009007E07911000F8D9FF71
:20E40000C090F4CF3C2B3B200A007E07911000F8D9FFD490F4CF3C223B800A007E079110B7
:20E4200000F8D9FFE890F4CF3C193BE00A007E07911000F8D9FFFC90F4CF3C103BD01800A3
:20E440007E04A00FF4CF3C0A820491100048D94420823B5007506DFF03EE1D00E0013BC01C
:20E460000C005F05088091100028D922D0C0F4F23C323BD00C005F05088091100028D92235
:20E48000E0C0F4F23C283BE00C005F05088091100028D922F0C0F4F23C1E3BF00C005F0530
:20E4A000088091100028D922C0D0F4F23C143B000D005F05088091100028D922D0D0F4F2CC
:20E4C0003C0A820491100048D94420823BF007506DFFC6ED3B200D005F0808809110002807
:20E4E000D922E0B0E8223C1E3B300D005F08088091100028D922F0B0E8223C143B400D0080
:20E500005F08088091100028D922C0C0E8223C0A820491100048D94420823B4008506DFF0B
:20E520009FED3B800D005F09088091100028D922D0B0E8423C323B900D005F090880911052
:20E540000028D922D0A0E8423C283BA00D005F09088091100028D922E0A0E8423C1E3BB00F
:20E560000D005F09088091100028D922F0A0E8423C143BC00D005F09088091100028D92214
:20E58000C0B0E8423C0A820491100048D94420823BB008506DFF64ED3BE00D007E0791101F
:20E5A00000F8D9FFE0D0F4CF3C583B400E007E07911000F8D9FFF4D0F4CF3C4F3BA00E000A
:20E5C0007E07911000F8D9FFC8E0F4CF3C463B000F007E07911000F8D9FFDCE0F4CF3C3D20
:20E5E0003BC00F007E07911000F8D9FFF0E0F4CF3C343B2010007E07911000F8D9FFC4F003
:20E60000F4CF3C2B3B8010007E07911000F8D9FFD8F0F4CF3C223BE010007E07911000F8DD
:20E62000D9FFECF0F4CF3C193B4011007E07911000F8D9FF0001F4CF3C103BD018007E04D7
:20E64000A00FF4CF3C0A820491100048D94420823B7009506DFF04ED1D00E1003B20130007
:20E660005F05088091100028D9223411F4F23C1E3B3013005F05088091100028D922042112
:20E68000F4F23C143B4013005F05088091100028D9221421F4F23C0A820491100048D94419
:20E6A00020823BF009506DFFDBEC3B8013005F08088091100028D9220411E8223C1E3B903C
:20E6C00013005F08088091100028D9221411E8223C143BA013005F08088091100028D92254
:20E6E0002411E8223C0A820491100048D94420823B400A506DFFB4EC3BE013005F09088068
:20E7000091100028D9221401E8423C1E3BF013005F09088091100028D9222401E8423C140B
:20E720003B0014005F09088091100028D9223401E8423C0A820491100048D94420823B9038
:20E740000A506DFF8DEC3B4014007E07911000F8D9FF2421F4CF3C613BA014007E0791103B
:20E7600000F8D9FF0C31F4CF3C583B0015007E07911000F8D9FF2031F4CF3C4F3B601500A0
:20E780007E07911000F8D9FF3431F4CF3C463BC015007E07911000F8D9FF0841F4CF3C3D4E
:20E7A0003B2016007E07911000F8D9FF1C41F4CF3C343B8016007E07911000F8D9FF30412A
:20E7C000F4CF3C2B3BE016007E07911000F8D9FF0451F4CF3C223B4017007E07911000F8C2
:20E7E000D9FF1851F4CF3C193BC018007E07911000F8D9FF3821F4CF3C103BD018007E04AA
:20E80000A00FF4CF3C0A820491100048D94420823B600B506DFF24EC3C0100900B451088EB
:20E82000820A370848406DFF29BB402C40C46DFF7BFA534820F0910000F7D9FF903410FF06
:20E8400054F082013710010089C02019BB00F00F2690868089C024193C0109CF4218370F76
:20E86000E3F16EFC8FF90FF189CF24193C0109CF4218370FE3F1DF1FFC7F40C46DFF54FA7D
:20E88000DA0089CF24193C0109CF4218370FE3F16EFC09CF10293C01370F68F0A6FA5348EF
:20E8A00020F0910000F7D9FF903410FF54FF8210370F01F089CF2019DA0089CF24193C01BC
:20E8C00009CF4218370FE3F16EFC09C010293C018F8A20F037007000A60F370F70203C01AB
:20E8E00009CF41186F3FFE7FBBF0FFFF89CF14193C010090024F370F48406DFFBFBA402F4E
:20E90000534F20F091000027D92290341022542F8210370F01F089FF201940F46DFF04FAF1
:20E92000DA0089FF24193C0109FF4218370FE3F16EFC3C0109FF41186F3FFE7FBBF0FFFFA3
:20E9400089FF141909FF10293C01370F68203C010090024F0258370F48406DFF8FBA534F19
:20E9600020F0910000F7D9FF903410FF54FF8210370F01F0892F2019892824193C01092FE4
:20E9800042181607EEFD3C01092F41186F3FFE7FBBF0FFFF892F14190090A00FDA005F4FC7
:20E9A0002100DA015F4F2300DA025F4F2500DA035F4F2700DA045F4F2900DA055F4F2B00BC
:20E9C000DA065F4F2D00DA085F4F2F00DA095F4F3100DA0A5F4F3300DA0B5F4F35003C38FA
:20E9E000910000F7D9FFA4343C3C910000F7D9FFA8843C37910000F7D9FF94A43C329100D1
:20EA000000F7D9FF80C43C2D910000F7D9FFACD43C28910000F7D9FF98F43C23910000F763
:20EA2000D9FFC4143C1E910000F7D9FFF0243C19910000F7D9FFDC443C14910000F7D9FFD3
:20EA400090543C0F910000F7D9FFBC643C0A820491100048D94408923B7012506DFF00EB37
:20EA600040F23C01009020200B4510A80B7610884DC0E2FF370FE1F78B0F20C23C010D0064
:20EA8000400300003C013C01370A48406DFF43A491000047D944C86440256DFF26A802A437
:20EAA0006D00D60302A46D007205910000F7D9FFC864DA0289FF2C08910000F7D9FFC864D6
:20EAC000DA04ACF4910000F7D9FFC8644B0B61F16CF1910000F7D9FFC864DA072CFAA00FE5
:20EAE000F4AFA00FF80449A4180A49A5080A0BA9104802866D002800DA102CACDA8089AF3C
:20EB00001C08DA0089AF1D08910000F7D9FFC86449A2000AE8A202A46DFF41FF9100005755
:20EB2000D955C86440246DFF98A5820502A46D006503820502A46D009C0602CF6E030D00E1
:20EB4000000300900268405C82005F40220082105F40670082205F40FF0082305F4073013C
:20EB600082405F40E70182505F400A0282605F404802DA085F4F7402DA095F4F9702DA0AF0
:20EB80005F4FB902DA0B5F4FFF021D002203F658911000F8D9FFA85F80FF744F3C25DF15D9
:20EBA0000980911000F8D9FFB85F80FF744F3C1CDF250980911000F8D9FF886F80FF744F73
:20EBC0003C13DF350980911000F8D9FF986F80FF744F3C0A820491100048D94408923B7078
:20EBE00013506DFF3DEAF688911000F8D9FF885F80FF74CF3C13DF180980911000F8D9FF47
:20EC0000985F80FF74CF3C0A820491100048D94408923BB013506DFF23EA1D00DB02DF45EA
:20EC20000980911000F8D9FF88AF80FF744F3C52DF550980911000F8D9FF98AF80FF744F1C
:20EC40003C49DF650980911000F8D9FFA8AF80FF744F3C40DF750980911000F8D9FFB8AF27
:20EC600080FF744F3C37DA087E58911000F8D9FF88BF80FF744F3C2EDA097E58911000F871
:20EC8000D9FF98BF80FF744F3C25DA0A7E58911000F8D9FFA8BF80FF744F3C1CDA0B7E58BB
:20ECA000911000F8D9FFB8BF80FF744F3C13DA0C7E58911000F8D9FF88CF80FF744F3C0ACF
:20ECC000820491100048D94408923B9014506DFFC7E9DF480980911000F8D9FFA88F80FFEC
:20ECE00074CF3C37DF580980911000F8D9FFB88F80FF74CF3C2EDF680980911000F8D9FF79
:20ED0000889F80FF74CF3C25DF380980911000F8D9FF989F80FF74CF3C1CDF7809809110C6
:20ED200000F8D9FFA89F80FF74CF3C13DF280980911000F8D9FFB89F80FF74CF3C0A8204C5
:20ED400091100048D94408923B1015506DFF88E91D004002DA0D7E58911000F8D9FFA8DF72
:20ED600080FF744F3C37DA0E7E58911000F8D9FFB8DF80FF744F3C2EDA0F7E58911000F814
:20ED8000D9FF88EF80FF744F3C25DA107E58911000F8D9FF98EF80FF744F3C1CDA117E586E
:20EDA000911000F8D9FFA8EF80FF744F3C13DA127E58911000F8D9FFB8EF80FF744F3C0A58
:20EDC000820491100048D94408923BC015506DFF47E9DA0B7E88911000F8D9FF98CF80FFCF
:20EDE00074CF3C2EDA097E88911000F8D9FFA8CF80FF74CF3C25DA0A7E88911000F8D9FF17
:20EE0000B8CF80FF74CF3C1CDA0C7E88911000F8D9FF88DF80FF74CF3C13DA087E889110F3
:20EE200000F8D9FF98DF80FF74CF3C0A820491100048D94408923B4016506DFF11E91D00F9
:20EE4000C901DA137E58911000F8D9FFC80F80FF744F3C40DA147E58911000F8D9FFD80F03
:20EE600080FF744F3C37DA157E58911000F8D9FFE80F80FF744F3C2EDA167E58911000F8A5
:20EE8000D9FFF80F80FF744F3C25DA177E58911000F8D9FFC81F80FF744F3C1CDA187E586F
:20EEA000911000F8D9FFD81F80FF744F3C13DA197E58911000F8D9FFE81F80FF744F3C0A90
:20EEC000820491100048D94408923B0017506DFFC7E8DA0E7E88911000F8D9FF88FF80FFEA
:20EEE00074CF3C25DA0F7E88911000F8D9FF98FF80FF74CF3C1CDA0D7E88911000F8D9FFFF
:20EF0000A8FF80FF74CF3C13DA107E88911000F8D9FFB8FF80FF74CF3C0A820491100048AA
:20EF2000D94408923B6017506DFF9AE81D005201DA1A7E58911000F8D9FFC82F80FF744F46
:20EF40003C0A820491100048D94408923BC017506DFF86E8DA117E88911000F8D9FFF81F90
:20EF600080FF74CF3C0A820491100048D94408923BF017506DFF74E81D002C01DA1B7E58F4
:20EF8000911000F8D9FFC83F80FF744F3C13DA1C7E58911000F8D9FFD83F80FF744F3C0A8C
:20EFA000820491100048D94408923B6018506DFF57E8DA127E88911000F8D9FFD82F80FF94
:20EFC00074CF3C1CDA137E88911000F8D9FFF82F80FF74CF3C13DA147E88911000F8D9FF95
:20EFE000E82F80FF74CF3C0A820491100048D94408923BB018506DFF33E81D00EB00DA1DF3
:20F000007E58911000F8D9FFC84F80FF744F3C0A820491100048D94408923B1019506DFFC4
:20F020001FE8DA157E88911000F8D9FFE83F80FF74CF3C13DA167E88911000F8D9FFF83F8D
:20F0400080FF74CF3C0A820491100048D94408923B5019506DFF04E81D00BC00DA1E7E588F
:20F06000911000F8D9FFE84F80FF744F3C0A820491100048D94408923BB019506DFFF0E7A3
:20F08000DA177E88911000F8D9FFD84F80FF74CF3C0A820491100048D94408923BE019502F
:20F0A0006DFFDEE71D009600DA1F7E58911000F8D9FFC85F80FF744F3C0A8204911000480E
:20F0C000D94408923B401A506DFFCAE7DA187E88911000F8D9FFF84F80FF74CF3C0A820439
:20F0E00091100048D94408923B701A506DFFB8E73C70DA207E58911000F8D9FFA87F80FFBD
:20F10000744F3C13DA217E58911000F8D9FFB87F80FF744F3C0A820491100048D9440892B6
:20F120003BE01A506DFF9CE7DA197E88911000F8D9FFA86F80FF74CF3C25DA1A7E8891101C
:20F1400000F8D9FFB86F80FF74CF3C1CDA1B7E88911000F8D9FF887F80FF74CF3C13DA1C24
:20F160007E88911000F8D9FF987F80FF74CF3C0A820491100048D94408923B401B506DFF81
:20F180006FE73C27DA227E58911000F8D9FF988F80FF744F3C0A820491100048D94408929E
:20F1A0003BB01B506DFF5CE7DA1D7E88911000F8D9FF888F80FF74CF3C0A8204911000484E
:20F1C000D94408923BE01B506DFF4AE73C023C010090404F82086DFFE2FBD424094F52083E
:20F1E000161F3C016E07D424821440F56DFF2EA1821802823C0100900258910000F7D9FF85
:20F20000C864D4FF370448406DFF85A091000047D944C86440256DFF68A440F46DFFFDA060
:20F22000370868F06E03DA013C02DA0009F0431837F001F289FF031876850C2196042C21B3
:20F240003C050C21B70F01F12C210090DA005F4F2200DA015F4F4100DA025F4F6000DA0370
:20F260005F4F7F00DA045F4F9E00DA055F4FBD00DA065F4FDC00DA085F4FFB00DA095F4F67
:20F280001901DA0A5F4F3701DA0B5F4F55011D007401910000F7D9FFC86491000027D922D0
:20F2A000A844E8C2910000F7D9FFC86491000027D9228044E8E2910000F7D9FFC864DA0184
:20F2C00089FFAE08910000F7D9FFC864DA0189FFB4081D005B01910000F7D9FFC8649100AF
:20F2E0000027D922AC94E8C2910000F7D9FFC86491000027D9228494E8E2910000F7D9FF81
:20F30000C864DA0189FFAE08910000F7D9FFC864DA0189FFB4081D003901910000F7D9FF46
:20F32000C86491000027D92298B4E8C2910000F7D9FFC86491000027D922B0A4E8E291000A
:20F3400000F7D9FFC864DA0189FFAE08910000F7D9FFC864DA0189FFB4081D001701910028
:20F3600000F7D9FFC86491000027D92284D4E8C2910000F7D9FFC86491000027D9229CC43E
:20F38000E8E2910000F7D9FFC864DA0189FFAE08910000F7D9FFC864DA0189FFB4081D0036
:20F3A000F500910000F7D9FFC86491000027D922B0E4E8C2910000F7D9FFC8649100002797
:20F3C000D92288E4E8E2910000F7D9FFC864DA0189FFAE08910000F7D9FFC864DA0189FF68
:20F3E000B4081D00D300910000F7D9FFC86491000027D922DC04E8C2910000F7D9FFC8640C
:20F4000091000027D922B4F4E8E2910000F7D9FFC864DA0189FFAE08910000F7D9FFC86496
:20F42000DA0189FFB4081D00B100910000F7D9FFC86491000027D922C824E8C2910000F782
:20F44000D9FFC86491000027D922E014E8E2910000F7D9FFC864DA0189FFAE08910000F70A
:20F46000D9FFC864DA0189FFB4081D008F00910000F7D9FFC86491000027D922F434E8C2AC
:20F48000910000F7D9FFC86491000027D922CC34E8E2910000F7D9FFC864DA0189FFAE08BE
:20F4A000910000F7D9FFC864DA0189FFB4083C6D910000F7D9FFC86491000027D922E05485
:20F4C000E8C2910000F7D9FFC86491000027D922F844E8E2910000F7D9FFC864DA0189FF4E
:20F4E000AE08910000F7D9FFC864DA0189FFB4083C4C910000F7D9FFC86491000027D922E4
:20F500009464E8C2910000F7D9FFC86491000027D922AC54E8E2910000F7D9FFC864DA01D9
:20F5200089FFAE08910000F7D9FFC864DA0189FFB4083C2B910000F7D9FFC8649100002737
:20F54000D9228084E8C2910000F7D9FFC86491000027D9229874E8E2910000F7D9FFC86461
:20F56000DA0189FFAE08910000F7D9FFC864DA0189FFB4083C0A820491100048D94408925B
:20F580003BC010506DFF6CE50090DA005F4F2200DA015F4F3D00DA025F4F5800DA035F4FE6
:20F5A0007300DA045F4F8E00DA055F4FA900DA065F4FC400DA085F4FDE00DA095F4FF8003F
:20F5C000DA0A5F4F1201DA0B5F4F2C011D004701910000F7D9FFC864DA0B89FFA00891002F
:20F5E00000F7D9FFC864DA0A89FFA208910000F7D9FFC864DA0C89FFA408910000F7D9FFF4
:20F60000C864DA0089FF26081D003201910000F7D9FFC864DA0D89FFA008910000F7D9FFDB
:20F62000C864DA0E89FFA208910000F7D9FFC864DA0F89FFA408910000F7D9FFC864DA0075
:20F6400089FF26081D001401910000F7D9FFC864DA1089FFA008910000F7D9FFC864DA11A5
:20F6600089FFA208910000F7D9FFC864DA1289FFA408910000F7D9FFC864DA0089FF260890
:20F680001D00F600910000F7D9FFC864DA1389FFA008910000F7D9FFC864DA1489FFA20802
:20F6A000910000F7D9FFC864DA1589FFA408910000F7D9FFC864DA0089FF26081D00D8008A
:20F6C000910000F7D9FFC864DA1689FFA008910000F7D9FFC864DA1789FFA208910000F747
:20F6E000D9FFC864DA1889FFA408910000F7D9FFC864DA0089FF26081D00BA00910000F765
:20F70000D9FFC864DA1989FFA008910000F7D9FFC864DA1A89FFA208910000F7D9FFC86484
:20F72000DA1B89FFA408910000F7D9FFC864DA0089FF26081D009C00910000F7D9FFC8643F
:20F74000DA1C89FFA008910000F7D9FFC864DA1D89FFA208910000F7D9FFC864DA1E89FFC2
:20F76000A408910000F7D9FFC864DA0089FF26083C7E910000F7D9FFC864DA1F89FFA00852
:20F78000910000F7D9FFC864DA2089FFA208910000F7D9FFC864DA2189FFA408910000F76E
:20F7A000D9FFC864DA0089FF26083C61910000F7D9FFC864DA2289FFA008910000F7D9FF00
:20F7C000C864DA2389FFA208910000F7D9FFC864DA2489FFA408910000F7D9FFC864DA00AA
:20F7E00089FF26083C44910000F7D9FFC864DA2589FFA008910000F7D9FFC864DA2689FF04
:20F80000A208910000F7D9FFC864DA2789FFA408910000F7D9FFC864DA0089FF26083C27FE
:20F82000910000F7D9FFC864DA2889FFA008910000F7D9FFC864DA2989FFA208910000F7C1
:20F84000D9FFC864DA2A89FFA408910000F7D9FFC864DA0089FF26083C0A8204911000489B
:20F86000D94408923B000B506DFFFAE300900258910000F7D9FFC864D4FF370448406DFF7A
:20F880004A9D91000047D944C86440256DFF2DA140F46DFFCF9D370868F06E03DA013C0294
:20F8A000DA0009F0431837F081F389FF031876850C2196042C213C050C21B70F01F12C215A
:20F8C0000090200834A56DFF6AF8D42449A5000A82146DFFB19E00900248404F3C0909FFD2
:16F8E0000008B01F370F685002846DFFECFF09FF0008EEF60090DC
:20F8F800780700807C070080A40700803208008086080080FA080080860900802E0A0080B2
:20F91800900A0080FA0A0080CC0B00800C0C0080A00D0080F60E00808C1000800000004035
:20F93800409C000010270000DB0F494008000000000600F000AE03F0010000000000000089
:20F95800000600F000AF03F00300000001000000000600F000AE03F00000000090000000CC
:20F97800000600F000AE03F00100000090000000000600F000AF03F002000000900000001D
:20F99800000600F000AF03F00300000090000000000A2CF000A003F0040000000000000067
:20F9B800000A2CF000A003F00800000001000000000A2CF000AD03F00000000002000000A5
:20F9D800000A2CF000AD03F00100000003000000000A2CF000A003F00800000098000000EC
:20F9F800000A2CF000AD03F00000000090000000000B2CF000B503F00200000004000000C4
:20FA1800000B2CF000B503F00500000098000000000700F000AF03F00100000000000000C8
:20FA3800000700F000AF03F00500000001000000000700F000B403F0090000000200000066
:20FA5800000700F000AB03F00A00000004000000000700F000C103F00D000000050000002E
:20FA7800000700F000A203F00300000006000000000700F000A203F00200000090000000BB
:20FA9800000700F000AB03F00C00000090000000000700F000AF03F00000000090000000F4
:20FAB800000700F000AF03F00100000090000000000700F000AF03F00400000090000000D7
:20FAD800000700F000AF03F00500000090000000000700F000B403F00A00000090000000A8
:20FAF800000700F000C103F00C00000090000000000700F000C103F00D000000900000005F
:20FB1800000800F000AE03F00300000000000000000800F000A203F00100000001000000A2
:20FB3800000800F000AA03F00600000003000000000800F000C103F0080000000400000057
:20FB5800000800F000A203F00000000006000000000800F000A203F00000000090000000DD
:20FB7800000800F000AA03F00500000090000000000800F000AE03F0020000009000000018
:20FB9800000800F000AE03F00300000090000000000800F000C103F00800000090000000DD
:20FBB800000800F000C103F00900000090000000000900F000AF03F0070000000000000046
:20FBD800000900F000B403F00300000002000000000900F000A003F00100000004000000D7
:20FBF800000900F000B503F00600000005000000000900F000A003F000000000980000001D
:20FC1800000900F000A003F00100000090000000000900F000AF03F006000000900000007E
:20FC3800000900F000AF03F00700000090000000000900F000B403F000000000900000004A
:20FC5800000900F000B403F00300000090000000000900F000B503F0070000009000000021
:20FC7800000A00F000A003F00C00000000000000000A00F000A003F009000000A800000095
:20FC9800000B00F000A003F00600000000000000000B00F000C103F0040000000100000004
:20FCB800000B00F000B603F00300000002000000000B00F000A003F007000000900000005E
:20FCD800000B00F000B603F00200000090000000000C00F000B603F000000000040000002D
:20FCF800000C00F000B703F00100000005000000000C00F000B603F000000000B8000000E3
:20FD1800000E00F000C103F00600000003000000000E00F000C103F007000000A0000000B7
:20FD3800000F00F000B403F00600000004000000000F00F000B403F00700000090000000BE
:20FD5800000600F000000000000700F001000000000800F002000000000900F003000000A7
:20FD7800000A00F004000000000B00F005000000000C00F006000000000D00F00700000067
:20FD9800000E00F008000000000F00F009000000000A2CF00A000000000B2CF00B000000DB
:20FDB8000050C348640000000050C348640000001400000000000000000000000100000098
:20FDD800000000000000000000000000000000000000000000000000000001010700000002
:20FDF80000000901000000000602000000000A0300000000000000000000000001010000CA
:20FE180000000000002A00F000000000002B00F00100000000000000000000000000000094
:20FE380000000000000000000000000000000000000000000000010000010F00010F000089
:20FE580000000000000000000000000000010203000000000000000001000203000000007E
:20FE780000000000010200030000000000000000010203000000000000000000000000005E
:20FE9800000102030000000000000000010002030000000000000000010200030000000038
:20FEB80000000000010203000000000000000000000000000001020300000000000000001E
:20FED8000100020300000000000000000102000300000000000000000102030000000000F8
:20FEF8000000000000000000000000000000000000000000000000000000000000000000EA
:20FF1800BD37863500000000BD37863500000000BD37863500000000BD378635000000000D
:20FF3800010000000000010001000000000001000100000000000100000000008096984BAA
:20FF5800000000000000000000000000000002000000000000A203F000000000880000006A
:20FF7800000002003000000000B603F00100000088000000000002003500000000B503F026
:20FF98000200000088000000000002005500000000AE03F005000000880000000000020038
:20FFB8000800000000A203F00800000088000000000002000900000000A003F0000000005E
:20FFD80088000000000102000A00000000A003F00100000088000000000102000B0000004A
:08FFF80000A003F0020000006C
:02000004800179
:2000000088000000000102000100000000A203F00100000088000000000102001F00000014
:2000200000C103F00900000088000000000102002F00000000B603F0000000008800000018
:20004000000102003600000000B503F00300000088000000000102005400000000AE03F03C
:200060000400000088000000000202000C00000000A003F0030000008800000000020200C2
:200080000200000000A203F00200000088000000000202002100000000C103F00B0000005B
:2000A00088000000000202003700000000B503F004000000880000000002020053000000F2
:2000C00000AE03F00300000088000000000302000D00000000A003F00400000088000000C3
:2000E000000302000300000000A203F00300000088000000000302003100000000B603F0F9
:200100000200000088000000000302003800000000B503F0050000008800000000030200DE
:200120005200000000AE03F00200000088000000000402000E00000000A003F00500000096
:2001400088000000000402000400000000A203F004000000880000000004020032000000B4
:2001600000B603F00300000088000000000402003900000000B503F00600000088000000D6
:20018000000402003D00000000B403F00300000088000000000402005100000000AE03F0F2
:2001A0000100000088000000000502000F00000000A003F006000000880000000005020078
:2001C0002800000000C003F00400000088000000000502003A00000000B503F007000000C8
:2001E00088000000000502000500000000A203F00500000088000000000602001000000031
:2002000000A003F00700000088000000000602002A00000000B703F0010000008800000057
:20022000000602003B00000000B403F00000000088000000000602000600000000A203F0A9
:200240000600000088000000000702001100000000A003F0080000008800000000070200CA
:200260004000000000B403F00800000088000000000702000700000000A203F0070000005B
:2002800088000000010003000000000000A203F0000000008800000001000200440000006E
:2002A00000B403F00C00000088000000010002004C00000000AF03F0050000008800000085
:2002C000010002004D00000000AF03F00600000088000000010003000800000000A203F0FD
:2002E0000800000088000000010003000900000000A003F000000000880000000101020042
:200300006700000000AA03F00100000088000000010103000A00000000A003F001000000AD
:2003200088000000010103000B00000000A003F00200000088000000010103000100000002
:2003400000A203F00100000088000000010103001F00000000C103F0090000008800000016
:20036000010102004500000000B403F00D00000088000000010102004E00000000AF03F004
:200380000700000088000000010102004F00000000AF03F008000000880000000101020045
:2003A0005600000000AE03F00600000088000000010202006800000000AA03F002000000AC
:2003C00088000000010202006B00000000AA03F00500000088000000010203000C000000E9
:2003E00000A003F00300000088000000010203000200000000A203F00200000088000000B8
:20040000010203002100000000C103F00B00000088000000010202004600000000B403F07C
:200420000E00000088000000010202005000000000AE03F0000000008800000001030200A2
:200440006900000000AA03F00300000088000000010302006C00000000AA03F006000000F6
:2004600088000000010303000D00000000A003F004000000880000000103030003000000B7
:2004800000A203F00300000088000000010302004700000000AF03F00000000088000000C5
:2004A000010403000E00000000A003F00500000088000000010403000400000000A203F065
:2004C0000400000088000000010403003D00000000B403F003000000880000000104020012
:2004E0004800000000AF03F00100000088000000010503000F00000000A003F006000000D8
:2005000088000000010503002800000000C003F004000000880000000105030005000000D5
:2005200000A203F00500000088000000010502004100000000B403F0090000008800000018
:20054000010502004900000000AF03F00200000088000000010603001000000000A003F071
:200560000700000088000000010603002A00000000B703F00100000088000000010602007C
:200580004200000000B403F00A00000088000000010603000600000000A203F00600000035
:2005A00088000000010602004A00000000AF03F00300000088000000010703001100000017
:2005C00000A003F00800000088000000010702004300000000B403F00B0000008800000071
:2005E000010702004B00000000AF03F00400000088000000010703000700000000A203F0D1
:200600000700000088000000020002001200000000A003F00900000088000000020002000D
:200620001A00000000C103F00400000088000000020002002000000000C103F00A0000007E
:2006400088000000020002005E00000000AD03F00300000088000000020102001B00000065
:2006600000C103F00500000088000000020102005F00000000AB03F00200000088000000AD
:20068000020202001C00000000C103F00600000088000000020202006000000000AB03F0F2
:2006A0000300000088000000020302001500000000A003F00C000000880000000203020065
:2006C0001D00000000C103F00700000088000000020302006100000000AB03F006000000AE
:2006E00088000000020402001E00000000C103F008000000880000000204020022000000DE
:2007000000C103F00C00000088000000020402006200000000AB03F00900000088000000F8
:20072000020502002300000000C103F00D00000088000000020509004100000000B403F04C
:200740000900000088000000020502005B00000000AD03F000000000880000000205020073
:200760006300000000AB03F00A00000088000000020602006400000000AB03F00B000000CF
:2007800088000000020602002400000000C003F00000000088000000020602003E00000020
:2007A00000B403F00600000088000000020602005C00000000AD03F0010000008800000075
:2007C000020702006500000000AB03F00C00000088000000020702003F00000000B403F086
:2007E0000700000088000000020702005D00000000AD03F0020000008800000003000300D2
:200800001200000000A003F00900000088000000030003001A00000000C103F004000000CA
:2008200088000000030003002000000000C103F00A00000088000000030003005E00000060
:2008400000AD03F00300000088000000030103001B00000000C103F005000000880000000A
:20086000030103005F00000000AB03F00200000088000000030203001C00000000C103F012
:200880000600000088000000030203006000000000AB03F003000000880000000303030030
:2008A0001500000000A003F00C00000088000000030303001D00000000C103F0070000001B
:2008C00088000000030303006100000000AB03F00600000088000000030403001E000000D2
:2008E00000C103F00800000088000000030403002200000000C103F00C0000008800000040
:20090000030403006200000000AB03F00900000088000000030503002300000000C103F05A
:200920000D00000088000000030503005B00000000AD03F000000000880000000305030089
:200940006300000000AB03F00A00000088000000030603006400000000AB03F00B000000EB
:2009600088000000030603002400000000C003F00000000088000000030603003E0000003A
:2009800000B403F00600000088000000030603005C00000000AD03F0010000008800000091
:2009A000030703006500000000AB03F00C00000088000000030703003F00000000B403F0A0
:2009C0000700000088000000030703005D00000000AD03F00200000088000000608124F0FF
:2009E00002388700FFFFFFFF648124F066D00000FFFFFFFF688124F002380700FFFFFFFFD5
:200A00006C8124F026980000FFFFFFFF248124F0C9000000FFFFFFFF088124F00100363099
:200A2000FFFFFFFF0C8124F00807690BFFFFFFFF288124F08E042101FFFFFFFF488124F050
:200A4000B6730835FFFFFFFF4C8124F0466C9402FFFFFFFF088124F002003630FFFFFFFF0E
:200A6000108124F03B033600FFFFFFFF148124F01008690BFFFFFFFF508124F00E71083490
:200A8000FFFFFFFF548124F0446C9402FFFFFFFF188124F009003600FFFFFFFF1C8124F096
:200AA0000808690BFFFFFFFF208124F0941C2300FFFFFFFF588124F0B622081BFFFFFFFF4E
:200AC0005C8124F0466C9402FFFFFFFF2C8124F034040000FFFFFFFF308124F0825A00004B
:200AE000FFFFFFFF348124F009090712FFFFFFFF08000000DC090180ACC5A737020000004B
:200B00003C0A0180ACC5A7370D000000540A0180ACC5A73703000000F00A018016000000F0
:200B2000240B0180608124F002388700FFFFFFFF648124F066D00000FFFFFFFF688124F02B
:200B400002380700FFFFFFFF6C8124F026980000FFFFFFFF248124F0C9000000FFFFFFFF1F
:200B60000C8124F00807690BFFFFFFFF288124F08E042101FFFFFFFF488124F0B6730835A5
:200B8000FFFFFFFF4C8124F0466C9402FFFFFFFF088124F002003630FFFFFFFF108124F08E
:200BA0003B033600FFFFFFFF148124F01008690BFFFFFFFF508124F00E710834FFFFFFFFF8
:200BC000548124F0446C9402FFFFFFFF188124F009003600FFFFFFFF1C8124F00808690BCD
:200BE000FFFFFFFF208124F0941C2300FFFFFFFF588124F0B622081BFFFFFFFF5C8124F0A0
:200C0000466C9402FFFFFFFF2C8124F034040000FFFFFFFF308124F0825A0000FFFFFFFFFE
:200C2000348124F009090712FFFFFFFF001C00F000B403F00C00000000000000001C00F0F9
:200C400000B403F00C000000A0000000001C00F000B403F00E00000098000000001C00F0DC
:200C600000B403F00B00000098000000001C00F000B403F00D000000A8000000001C00F0B6
:200C80000000000000B403F00800000098000000001C00F00D00000000AF03F00000000052
:200CA00098000000001C00F00100000000B403F00900000098000000001C00F00200000039
:200CC00000B403F00D00000098000000001C00F00300000000AB03F00A0000009800000079
:200CE000001C00F00400000000AB03F00B00000098000000001C00F00500000000AB03F0F4
:200D00000200000098000000001C00F00600000000B403F00A00000098000000001C00F0D2
:200D20000700000000C103F00500000090000000001C00F00800000000B403F006000000A2
:200D400098000000001C00F00900000000B403F00300000098000000001D00F000AA03F0FA
:200D60000100000000000000001D00F000AB03F00300000001000000001D00F000AA03F019
:200D80000100000090000000001D00F000AA03F00300000098000000001D00F000AB03F0D2
:200DA0000900000098000000001D00F000AA03F00200000098000000001D00F000AB03F0A3
:200DC0000600000098000000001D00F00000000000B403F008000000A0000000001D00F00C
:200DE0000100000000B403F009000000A0000000001D00F00200000000B403F00D000000DF
:200E0000A0000000001D00F00300000000AB03F00A000000A0000000001D00F004000000C9
:200E200000AB03F00B000000A0000000001D00F00500000000AB03F002000000A000000017
:200E4000001D00F00600000000C103F00A00000090000000001D00F00700000000C103F069
:200E60000500000098000000001D00F00800000000AA03F00400000098000000001D00F07A
:200E80000900000000AA03F005000000A0000000001E00F000AF03F0040000000000000053
:200EA000001E00F000AF03F00700000001000000001E00F000B503F00200000002000000C0
:200EC000001E00F000B503F00300000002000000001E00F000AF03F00200000004000000A1
:200EE000001E00F000AD03F00300000098000000001E00F000AF03F005000000980000005C
:200F0000001E00F000AF03F00600000098000000001E00F000AD03F000000000980000003D
:200F2000001E00F000AD03F00100000098000000001E00F000AF03F003000000980000001F
:200F4000001E00F000AF03F006000000A8000000001E00F000AF03F00800000098000000E3
:200F6000001E00F00000000000AF03F00200000098000000001E00F00100000000AE03F077
:200F80000200000098000000001E00F00200000000AE03F00600000098000000001E00F05A
:200FA0000300000000AE03F00300000098000000001E00F00500000000AF03F0010000003C
:200FC00098000000001E00F00600000000C103F00D000000A0000000001E00F007000000EF
:200FE00000B403F00A000000A0000000001E00F00800000000B403F006000000A00000003D
:20100000001E00F00900000000B403F003000000A0000000001F00F000A203F005000000C6
:2010200000000000001F00F000AA03F00700000001000000001F00F000B603F00100000043
:2010400003000000001F00F000A203F00600000098000000001F00F000AA03F00600000099
:2010600098000000001F00F000B603F00000000098000000001F00F000A203F007000000DD
:2010800098000000001F00F000AA03F00800000098000000001F00F000B603F003000000B1
:2010A00098000000001F00F00000000000A203F00400000098000000001F00F00C0000003D
:2010C00000B603F00200000098000000001F00F00100000000A203F0000000009800000090
:2010E000001F00F00200000000A203F00100000098000000001F00F00300000000A203F00A
:201100000200000098000000001F00F00400000000A203F00300000098000000001F00F0E3
:201120000500000000A203F00800000090000000001F00F00600000000A003F008000000CD
:2011400090000000001F00F00700000000A003F00900000090000000001F00F008000000A6
:2011600000AA03F00500000098000000001C00F000000000001D00F001000000001E00F00D
:2011800002000000001F00F003000000010102030405060608080A0A0C0C0C0F0000003F89
:2011A0000000803F0000A03F0000C03F0000004000002040002D31010100001D0500001F51
:2011C0000101000017B75139030000001412018013012307FF0FFF0F12021121BF0F3F3F1F
:2011E000011200000F3F000032000000FF000000000000003F000000000000003F000000DF
:121200000812018010120180000000000000000000009E
:12121400030017B7D138020017B7D138010017B7D1383D
:20122800001000F000000000001100F00100000000000000B71DC1046E3B8209D926430D88
:20124800DC7604136B6BC517B24D861A0550471EB8ED08260FF0C922D6D68A2F61CB4B2B4E
:20126800649B0C35D386CD310AA08E3CBDBD4F3870DB114CC7C6D0481EE09345A9FD5241FE
:20128800ACAD155F1BB0D45BC2969756758B5652C836196A7F2BD86EA60D9B6311105A678E
:2012A80014401D79A35DDC7D7A7B9F70CD665E74E0B6239857ABE29C8E8DA19139906095FE
:2012C8003CC0278B8BDDE68F52FBA582E5E66486585B2BBEEF46EABA3660A9B7817D68B3CE
:2012E800842D2FAD3330EEA9EA16ADA45D0B6CA0906D32D42770F3D0FE56B0DD494B71D97E
:201308004C1B36C7FB06F7C32220B4CE953D75CA28803AF29F9DFBF646BBB8FBF1A679FF0D
:20132800F4F63EE143EBFFE59ACDBCE82DD07DEC77708634C06D4730194B043DAE56C5392D
:20134800AB0682271C1B4323C53D002E7220C12ACF9D8E1278804F16A1A60C1B16BBCD1F4D
:2013680013EB8A01A4F64B057DD00808CACDC90C07AB9778B0B6567C69901571DE8DD475FD
:20138800DBDD936B6CC0526FB5E6116202FBD066BF469F5E085B5E5AD17D1D576660DC538D
:2013A80063309B4DD42D5A490D0B1944BA16D84097C6A5AC20DB64A8F9FD27A54EE0E6A17D
:2013C8004BB0A1BFFCAD60BB258B23B69296E2B22F2BAD8A98366C8E41102F83F60DEE87CD
:2013E800F35DA9994440689D9D662B902A7BEA94E71DB4E0500075E4892636E93E3BF7ED7D
:201408003B6BB0F38C7671F7555032FAE24DF3FE5FF0BCC6E8ED7DC231CB3ECF86D6FFCB0C
:201428008386B8D5349B79D1EDBD3ADC5AA0FBD8EEE00C6959FDCD6D80DB8E6037C64F649C
:201448003296087A858BC97E5CAD8A73EBB04B77560D044FE110C54B383686468F2B47424C
:201468008A7B005C3D66C158E4408255535D43519E3B1D252926DC21F0009F2C471D5E28FC
:20148800424D1936F550D8322C769B3F9B6B5A3B26D6150391CBD40748ED970AFFF0560E8C
:2014A800FAA011104DBDD014949B93192386521D0E562FF1B94BEEF5606DADF8D7706CFCFC
:2014C800D2202BE2653DEAE6BC1BA9EB0B0668EFB6BB27D701A6E6D3D880A5DE6F9D64DACC
:2014E8006ACD23C4DDD0E2C004F6A1CDB3EB60C97E8D3EBDC990FFB910B6BCB4A7AB7DB07C
:20150800A2FB3AAE15E6FBAACCC0B8A77BDD79A3C660369B717DF79FA85BB4921F4675960B
:201528001A163288AD0BF38C742DB081C330718599908A5D2E8D4B59F7AB085440B6C9504B
:2015480045E68E4EF2FB4F4A2BDD0C479CC0CD43217D827B9660437F4F460072F85BC1764B
:20156800FD0B86684A16476C93300461242DC565E94B9B115E565A1587701918306DD81CFB
:20158800353D9F0282205E065B061D0BEC1BDC0F51A69337E6BB52333F9D113E8880D03A8B
:2015A8008DD097243ACD5620E3EB152D54F6D4297926A9C5CE3B68C1171D2BCCA000EAC87B
:2015C800A550ADD6124D6CD2CB6B2FDF7C76EEDBC1CBA1E376D660E7AFF023EA18EDE2EECB
:2015E8001DBDA5F0AAA064F4738627F9C49BE6FD09FDB889BEE0798D67C63A80D0DBFB847B
:20160800D58BBC9A62967D9EBBB03E930CADFF97B110B0AF060D71ABDF2B32A66836F3A20A
:201628006D66B4BCDA7B75B8035D36B5B440F7B100000000920E493CB10AC93C2BC3163DD0
:201648002EFB483D752B7B3D04A9963D80B6AF3D36BDC83D2FBCE13D73B2FA3D87CF093EE0
:201668008340163EB5AB223EA2102F3ECF6E3B3EC2C5473E0115543E135C603E7F9A6C3E32
:20168800CCCF783EC07D823E938E883E229A8E3E32A0943E86A09A3EE59AA03E128FA63E01
:2016A800D47CAC3EEF63B23E2A44B83E491DBE3E15EFC33E53B9C93ECA7BCF3E4136D53EEC
:2016C80080E8DA3E4F92E03E7533E63EBBCBEB3EEA5AF13ECBE0F63E275DFC3EE4E7003FEE
:2016E8003D9C033F824B063F9BF5083F6B9A0B3FDA390E3FCDD3103F2A68133FD9F6153F39
:20170800C07F183FC6021B3FD17F1D3FCBF61F3F9967223F25D2243F5636273F1594293F80
:201728004AEB2B3FDE3B2E3FBB85303FC9C8323FF304353F233A373F4268393F3B8F3B3F27
:20174800F9AE3D3F67C73F3F70D8413F01E2433F03E4453F65DE473F12D1493FF8BB4B3FA9
:20176800029F4D3F207A4F3F3D4D513F4918533F31DB543FE595563F5348583F6AF2593F2B
:201788001A945B3F532D5D3F05BE5E3F2146603F97C5613F5A3C633F59AA643F880F663F61
:2017A800D86B673F3CBF683FA7096A3F0C4B6B3F5E836C3F93B26D3F9ED86E3F73F56F3F86
:2017C8000809713F5213723F4714733FDD0B743F0BFA743FC6DE753F07BA763FC58B773FF6
:2017E800F853783F9812793F9DC7793F02737A3FBE147B3FCDAC7B3F283B7C3FC9BF7C3F13
:20180800AC3A7D3FCCAB7D3F23137E3FB0707E3F6DC47E3F580E7F3F6D4E7F3FAB847F3FA3
:201828000FB17F3F97D37F3F43EC7F3F11FB7F3F0000803F11FB7F3F43EC7F3F97D37F3FA5
:201848000FB17F3FAB847F3F6D4E7F3F580E7F3F6DC47E3FB0707E3F23137E3FCCAB7D3F87
:20186800AC3A7D3FC9BF7C3F283B7C3FCDAC7B3FBE147B3F02737A3F9DC7793F9812793FF2
:20188800F853783FC58B773F07BA763FC6DE753F0BFA743FDD0B743F4714733F5213723FF4
:2018A8000809713F73F56F3F9ED86E3F93B26D3F5E836C3F0C4B6B3FA7096A3F3CBF683FAD
:2018C800D86B673F880F663F59AA643F5A3C633F97C5613F2146603F05BE5E3F532D5D3F7F
:2018E8001A945B3F6AF2593F5348583FE595563F31DB543F4918533F3D4D513F207A4F3F8F
:20190800029F4D3FF8BB4B3F12D1493F65DE473F03E4453F01E2433F70D8413F67C73F3FDD
:20192800F9AE3D3F3B8F3B3F4268393F233A373FF304353FC9C8323FBB85303FDE3B2E3FA1
:201948004AEB2B3F1594293F5636273F25D2243F9967223FCBF61F3FD17F1D3FC6021B3F35
:20196800C07F183FD9F6153F2A68133FCDD3103FDA390E3F6B9A0B3F9BF5083F824B063F3B
:201988003D9C033FE4E7003F275DFC3ECBE0F63EEA5AF13EBBCBEB3E7533E63E4F92E03E90
:2019A80080E8DA3E4136D53ECA7BCF3E53B9C93E15EFC33E491DBE3E2A44B83EEF63B23EA3
:2019C800D47CAC3E128FA63EE59AA03E86A09A3E32A0943E229A8E3E938E883EC07D823ED5
:2019E800CCCF783E7F9A6C3E135C603E0115543EC2C5473ECF6E3B3EA2102F3EB5AB223E75
:201A08008340163E87CF093E73B2FA3D2FBCE13D36BDC83D80B6AF3D04A9963D752B7B3DB3
:201A28002EFB483D2BC3163DB10AC93C920E493C00000000920E49BCB10AC9BC2BC316BD24
:201A48002EFB48BD752B7BBD04A996BD80B6AFBD36BDC8BD2FBCE1BD73B2FABD87CF09BEDC
:201A6800834016BEB5AB22BEA2102FBECF6E3BBEC2C547BE011554BE135C60BE7F9A6CBE2E
:201A8800CCCF78BEC07D82BE938E88BE229A8EBE32A094BE86A09ABEE59AA0BE128FA6BEFD
:201AA800D47CACBEEF63B2BE2A44B8BE491DBEBE15EFC3BE53B9C9BECA7BCFBE4136D5BEE8
:201AC80080E8DABE4F92E0BE7533E6BEBBCBEBBEEA5AF1BECBE0F6BE275DFCBEE4E700BFEA
:201AE8003D9C03BF824B06BF9BF508BF6B9A0BBFDA390EBFCDD310BF2A6813BFD9F615BF35
:201B0800C07F18BFC6021BBFD17F1DBFCBF61FBF996722BF25D224BF563627BF159429BF7C
:201B28004AEB2BBFDE3B2EBFBB8530BFC9C832BFF30435BF233A37BF426839BF3B8F3BBF23
:201B4800F9AE3DBF67C73FBF70D841BF01E243BF03E445BF65DE47BF12D149BFF8BB4BBFA5
:201B6800029F4DBF207A4FBF3D4D51BF491853BF31DB54BFE59556BF534858BF6AF259BF27
:201B88001A945BBF532D5DBF05BE5EBF214660BF97C561BF5A3C63BF59AA64BF880F66BF5D
:201BA800D86B67BF3CBF68BFA7096ABF0C4B6BBF5E836CBF93B26DBF9ED86EBF73F56FBF82
:201BC800080971BF521372BF471473BFDD0B74BF0BFA74BFC6DE75BF07BA76BFC58B77BFF2
:201BE800F85378BF981279BF9DC779BF02737ABFBE147BBFCDAC7BBF283B7CBFC9BF7CBF0F
:201C0800AC3A7DBFCCAB7DBF23137EBFB0707EBF6DC47EBF580E7FBF6D4E7FBFAB847FBF9F
:201C28000FB17FBF97D37FBF43EC7FBF11FB7FBF000080BF11FB7FBF43EC7FBF97D37FBFA1
:201C48000FB17FBFAB847FBF6D4E7FBF580E7FBF6DC47EBFB0707EBF23137EBFCCAB7DBF83
:201C6800AC3A7DBFC9BF7CBF283B7CBFCDAC7BBFBE147BBF02737ABF9DC779BF981279BFEE
:201C8800F85378BFC58B77BF07BA76BFC6DE75BF0BFA74BFDD0B74BF471473BF521372BFF0
:201CA800080971BF73F56FBF9ED86EBF93B26DBF5E836CBF0C4B6BBFA7096ABF3CBF68BFA9
:201CC800D86B67BF880F66BF59AA64BF5A3C63BF97C561BF214660BF05BE5EBF532D5DBF7B
:201CE8001A945BBF6AF259BF534858BFE59556BF31DB54BF491853BF3D4D51BF207A4FBF8B
:201D0800029F4DBFF8BB4BBF12D149BF65DE47BF03E445BF01E243BF70D841BF67C73FBFD9
:201D2800F9AE3DBF3B8F3BBF426839BF233A37BFF30435BFC9C832BFBB8530BFDE3B2EBF9D
:201D48004AEB2BBF159429BF563627BF25D224BF996722BFCBF61FBFD17F1DBFC6021BBF31
:201D6800C07F18BFD9F615BF2A6813BFCDD310BFDA390EBF6B9A0BBF9BF508BF824B06BF37
:201D88003D9C03BFE4E700BF275DFCBECBE0F6BEEA5AF1BEBBCBEBBE7533E6BE4F92E0BE8C
:201DA80080E8DABE4136D5BECA7BCFBE53B9C9BE15EFC3BE491DBEBE2A44B8BEEF63B2BE9F
:201DC800D47CACBE128FA6BEE59AA0BE86A09ABE32A094BE229A8EBE938E88BEC07D82BED1
:201DE800CCCF78BE7F9A6CBE135C60BE011554BEC2C547BECF6E3BBEA2102FBEB5AB22BE71
:201E0800834016BE87CF09BE73B2FABD2FBCE1BD36BDC8BD80B6AFBD04A996BD752B7BBDAF
:201E28002EFB48BD2BC316BDB10AC9BC920E49BC0000008000020202020202020202030130
:201E48000101010202020202020202020202020202020202020440404040404040404040CF
:201E68004040404040202020202020202020204040404040404088888888888808080808CA
:201E880008080808080808080808080808080808404040404040909090909090101010109A
:201EA800101010101010101010101010101010104040404002000000000000000000000018
:201EC8000000000000000000000000000000000000000000000000000000000000000000FA
:201EE8000000000000000000000000000000000000000000000000000000000000000000DA
:201F08000000000000000000000000000000000000000000000000000000000000000000B9
:151F2800000000000000000000000000000000000000000000A4
:091F400066696C653A2025730006
:0D1F4C0066696C653A206D646B2F2573008B
:091F5C006C696E653A20256400F1
:191F68000D0A66696C65202573206C696E652025643A2025732E0D0A0049
:151F84000D0A66696C65202573206C696E652025642E0D0A0023
:0D1F9C00417373657274206572726F72007C
:201FAC002E2E2F6C69627261726965732F7A665F636F6D6D6F6E2F7A665F636F6D6D6F6EDF
:201FCC005F6669666F2E6300524D430047474100544853002E2E2F6C696272617269657379
:1B1FEC002F7A665F6472697665722F7A665F6472697665725F70776D2E6300A2
:2020080040D400804CD4008058D4008064D4008070D400807CD4008088D4008094D40080C8
:20202800A0D40080ACD40080B8D40080C4D40080D0D40080DCD40080E8D40080F4D40080A8
:2020480000D500800CD5008018D5008024D5008030D500803CD5008048D5008054D5008080
:2020680060D500806CD5008078D5008084D5008090D500809CD50080A8D50080B4D5008060
:20208800C0D50080CCD50080D8D50080E4D50080F0D50080FCD5008008D6008014D600803E
:2020A80020D600802CD6008038D6008044D6008050D600805CD6008068D6008074D6008018
:2020C80080D600808CD6008098D60080A4D60080B0D60080BCD60080C8D60080D4D60080F8
:2020E800E0D60080ECD60080F8D6008004D7008010D700801CD7008028D7008034D70080D3
:2021080040D700804CD7008058D7008064D7008070D700807CD7008088D7008094D70080AF
:20212800A0D70080ACD70080B8D70080C4D70080D0D70080DCD70080E8D70080F4D700808F
:2021480000D800800CD8008018D8008024D8008030D800803CD8008048D8008054D8008067
:2021680060D800806CD8008078D8008084D8008090D800809CD80080A8D80080B4D8008047
:20218800C0D80080CCD80080D8D80080E4D80080F0D80080FCD8008008D9008014D9008025
:2021A80020D900802CD9008038D9008044D9008050D900805CD9008068D9008072D9008001
:2021C8007CD9008086D9008090D900809AD90080A4D90080AED90080B8D90080C2D9008037
:2021E800CCD90080D6D90080E0D90080EAD90080F4D90080FED9008008DA008012DA008095
:202208001CDA008026DA008030DA00803ADA008044DA00804EDA00802E2E2F6C69627261C7
:1F222800726965732F7A665F6472697665722F7A665F6472697665725F7370692E6300B4
:202248002E2E2F6C69627261726965732F7A665F6472697665722F7A665F6472697665723A
:202268005F756172742E6300913000FFD9FF0C9654FF370F6EF18FFF83813C01913000FFE9
:20228800D9FF28A654FF370F6EF18FFF83F13C019130004FD9440C9602846DFF82B502F46B
:2022A8006DFF9AB5913000FFD9FF0C9654FF2E1B8F2800F0960154F0370070088F000100C4
:2022C800A60F74FF8F2800F0960254F0370070088F000100A60F74FF54FFDA00B70F81F080
:2022E800CDCF20090D00C0040D00C004DA00B70F81F0CD0F04090D00C0040D00C004910042
:202308000000D900000091000080D988000091000090D9990000910000F8D9FF004080FFB7
:20232800CD4FE20F0D00C004910002F8D9FF000E80FFCD0FE20F0D00C004913000F7D9FF99
:2023480080CD80FFCD8FE20F0D00C004913000FFD9FF0C9654FF2E1B8F2800F0960154F033
:20236800370070088F000100A60F74FF06288F3840F154F0370070088F000100A60F74FF1D
:2023880054FF6DFFC8B46DFFA8B2913000FF19FF28A66F1F12008F2220F09601913000FFD6
:2023A80019F028A6370070088F002100A60F913000FF59FF28A686228F2240F1913000FFFA
:2023C80019F028A6370070088F002100A60F913000FF59FF28A63C01913000FF19FF28A641
:2023E8001601DF1FFB7FDA00913000FF59FF18169120884F910003FAD9FF004080F46DFF18
:0E24080087B5911000F8D9FF420BDC0F009051
:2024180091000010D91100003B0098F0CD4FE00F0D00C004913000FF19FF10167BD03801F8
:2024380026F07603DA003C248FBF0701BF101380167B913000FF19F018160F0FB0F18BFF32
:2024580001F1061F570062FF5E23DA013C02DA003C0FEF4F0400DA013C0B911088FF19FF32
:20247800000D370FE2F06E03DA013C02DA003C011E17911000F8D9FF6422DC0F3C06911084
:0A24980000F8D9FF4832DC0F009075
:2024A400911000F8D9FF80D82D0F2000911000F8D9FFD2182D0F2000911000F8D9FF4C522D
:2024C400DC0F0090913000A7D9AA408D0D008004913000F7D9FFC00D91300027D922C00F25
:2024E400A004802080FFA2F0DA404BF0114282003C1E80FFB70F1CF08F4F1F1080FFBBF077
:20250400FF2F0662262F06AFA6F1F606CD81E30F0D00C0043C0274419AD47E05CDC1E30F0F
:202524000D00C00440F449FF001AC2103F40E3FFDA00744F0D0080040D00C004911000F865
:20254400D9FF6882DC0F0090913000A7D9AA408D0D008004913000F7D9FFC00D91300027AC
:20256400D922C00FA004802080FFA2F0DA404BF0114282003C1E80FFB70F1CF08F4F1F1056
:2025840080FFBBF0FF2F0662262F06AFA6F1F606CD81E30F0D00C0043C0274419AD47E05E5
:2025A400CDC1E30F0D00C00440F449FF001AC2103F40E3FFDA00744F0D0080040D00C004FE
:2025C400911000F8D9FF5072DC0F0090913000FFD9FF0C9654FF370F6EF18FFF83413C0188
:2025E400913000FFD9FF28A654FF370F6EF18FFF83F13C019130004FD9440C966DFF47B404
:2026040002F46DFF5CB491100048D94434616DFF85ABDF12038000A0911000F8D9FF68829E
:20262400DC0F0090911000F8D9FF7482DC0F0090911000F8D9FF3092DC0F00906DFFD1BB93
:02264400009004
:202648000000000000000000708603F0748603F0788603F07C8603F0808603F0848603F0C0
:20266800888603F08C8603F0908603F0948603F0988603F09C8603F0A08603F0A48603F0DA
:20268800A88603F0AC8603F0F08603F0F48603F0F88603F0FC8603F0008703F0048703F038
:2026A800088703F00C8703F0308703F0000000000000000000000000348703F000000000B2
:2026C8000000000000000000508703F0548703F0588703F05C8703F0608703F0648703F0FA
:2026E800688703F06C8703F00000000000BE02702ECD00802ECD00802ECD00802ECD0080EE
:202708002ECD0080000000000000000000000000000000A3E11100000000000000000000A1
:1527280000000000000000000000000100000000000000010199
:2027400001000000000000702E2701800100000001000000040000702F27018001000000E4
:2027600001000000080000704826018004000000010000000C0000700C27018002000000BA
:2027800001000000100000704C2601800400000001000000140000700E2701800C0000007A
:2027A000010000002000007050260180A000000001000000C00000701A27018006000000F8
:2027C00001000000C8000070202701800200000001000000CC0000702227018002000000ED
:2027E00001000000D0000070242701800200000001000000D40000703027018001000000AC
:2028000001000000D8000070312701800100000001000000DC000070F026018008000000A9
:2028200001000000E4000070322701800100000001000000E8000070332701800100000033
:2028400001000000EC000070342701800100000001000000F00000703527018001000000FF
:2028600001000000F4000070362701800100000001000000F80000703727018001000000CB
:2028800001000000FC00007038270180010000000100000000010070392701800100000096
:2028A00001000000040100702627018008000000010000000C010070F8260180140000009B
:2028C00001000000200100703A2701800100000001000000240100703B2701800100000009
:2028E00001000000280100703C27018001000000020000002C010070000000002600000094
:20290000020000005401007000000000A201000002000000F80200700000000002000000DF
:2029200002000000FC0200700000000016400000020000001443007000000000FE02000008
:2029400002000000144600700000000065000000020000007C46007000000000B901000058
:202960000200000038480070000000009600000002000000D0480070000000001200000033
:2029800002000000E448007000000000410000000200000028490070000000002500000050
:2029A000020000005049007000000000410000000200000094490070000000002500000057
:2029C00002000000BC490070000000004100000002000000004A007000000000250000005E
:2029E00002000000284A00700000000041000000020000006C4A0070000000002500000065
:202A000002000000944A0070000000004100000002000000D84A007000000000250000006C
:202A200002000000004B0070000000004100000002000000444B0070000000002500000072
:202A4000020000006C4B0070000000004100000002000000B04B007000000000250000007A
:202A600002000000D84B00700000000041000000020000001C4C0070000000002500000081
:202A800002000000444C0070000000004100000002000000884C0070000000002500000088
:202AA00002000000B04C0070000000004100000002000000F44C0070000000002500000090
:202AC000020000001C4D0070000000004100000002000000604D0070000000002500000096
:202AE00002000000884D0070000000004000000001000000C84D0070DC0000800400000069
:102B000000000000000000000000000000000000C5
:02000004801F5B
:0AE14000911000E8D9EE42DBDC0E7E
:0AE16000911000E8D9EE5ADBDC0E46
:0AE18000911000E8D9EE66CBDC0E2A
:0AE1A000911000E8D9EE5ADBDC0E06
:0AE1C000911000E8D9EE7EEBDC0EB2
:0AE1E000911000E8D9EE62EBDC0EAE
:0AE20000911000E8D9EE5ADBDC0EA5
:0AE22000911000E8D9EE78FBDC0E47
:0AE24000911000E8D9EE5CFBDC0E43
:0AE26000911000E8D9EE5ADBDC0E45
:0AE28000911000E8D9EEB20BDC0E9D
:0AE2A000911000E8D9EE960BDC0E99
:0AE2C000911000E8D9EE5ADBDC0EE5
:0AE2E000911000E8D9EE5ADBDC0EC5
:0AE30000911000E8D9EE861BDC0E38
:0AE32000911000E8D9EE5ADBDC0E84
:0AE34000911000E8D9EE5ADBDC0E64
:0AE36000911000E8D9EEA21BDC0EBC
:0AE38000911000E8D9EE5ADBDC0E24
:0AE3A000911000E8D9EE5ADBDC0E04
:0AE3C000911000E8D9EEBE1BDC0E40
:0AE3E000911000E8D9EE5ADBDC0EC4
:0AE40000911000E8D9EE5ADBDC0EA3
:0AE42000911000E8D9EE9A2BDC0EF3
:0AE44000911000E8D9EE5ADBDC0E63
:0AE46000911000E8D9EE5ADBDC0E43
:0AE48000911000E8D9EEB62BDC0E77
:0AE4A000911000E8D9EE5ADBDC0E03
:0AE4C000911000E8D9EE5ADBDC0EE3
:0AE4E000911000E8D9EE6ADBDC0EB3
:0AE50000911000E8D9EE5ADBDC0EA2
:0AE52000911000E8D9EE5ADBDC0E82
:0AE54000911000E8D9EE46EBDC0E66
:0AE64000911000E8D9EE5A7BDC0EC1
:0AE66000911000E8D9EE428BDC0EA9
:0AE68000911000E8D9EE648BDC0E67
:0AE6A000911000E8D9EE469BDC0E55
:0AE78000911000E8D9EE46ABDC0E64
:0AE7A000911000E8D9EE72ABDC0E18
:0AE7C000911000E8D9EE6CBBDC0EEE
:0AE8C000911000E8D9EE689BDC0E11
:0AFB8000911000E8D9EEE4BCDC0EA1
:0200000480304A
:200000000000000000000000000000000000000000000000000000000000000000000000E0
:200020000000000000000000000000000000000000000000000000000000000000000000C0
:200040000000000000000000000000000000000000000000000000000000000000000000A0
:20006000000000000000000000000000000000000000000000000000000000000000000080
:20008000000000000000000000000000000000000000000000000000000000000000000060
:2000A000000000000000000000000000000000000000000000000000000000000000000040
:2000C000000000000000000000000000000000000000000000000000000000000000000020
:2000E000000000000000000000000000000000000000000000000000000000000000000000
:20010C0085F81001913000FFD9FF189654FF370F6EF18FFF83113C01913000A6D9AA408DF1
:20012C000D0080043B0098F0CD4FE00F0D00C004913000FFD9FF189654FF2E1B8F2100F001
:20014C00960154F0370070088F000100A60F74FF8F2100F0960254F0370070088F00010096
:20016C00A60F74FF54FFDA00B70F81F0CDCF20090D00C0040D00C004DA00B70F81F0CD0F93
:20018C0004090D00C0040D00C004910003F8D9FF000080FFCD4FE20F0D00C004910005F855
:2001AC00D9FF000E80FFCD0FE20F0D00C004913000F6D9FF80CD80FFCD8FE20F0D00C004B7
:2001CC00913000FFD9FF189654FF2E1B8F2100F0960154F0370070088F000100A60F74FF4F
:2001EC0006218F3140F154F0370070088F000100A60F74FF54FF91000000D90000009100E2
:20020C000010D911000091000080D988000091000090D9990000913000F6D9FFC00D9130B6
:20022C000026D922C00FA004802080FFA2F0DA404BF0114282003C1E80FFB70F1CF08F4FBA
:20024C001F1080FFBBF0FF2F0662262F06AFA6F1F606CD81E30F0D00C0043C0274419AD494
:20026C007E05CDC1E30F0D00C00440F449FF001AC2103F40E3FFDA00744F0D0080040D009A
:20028C00C0046DE8B845BB7071FB9B1F8DF34BF241F04B0F71013C0185FF1001A28F3F0FE0
:0E02AC00FDFF911000F8D9FF424BDC0F0090CF
:02000004804F2B
:0AFBA000911000E8D9EECACCDC0E8B
:02000004A0005A
:20000000911000F8D9FF5802DC0F009000000000000000000000000000000000000000009A
:02000004A0302A
:0C010000910003F8D9FF0C40DC0F0090C8
:02000004AF400B
:200000003E0059B3000000A0ABBD6CD85442932700000000000000000000000000000000FA
:200020000000000000000000000000000000000000000000000000000000000000000000C0
:200040000000000000000000000000000000000000000000000000000000000000000000A0
:20006000000000000000000000000000000000000000000000000000000000000000000080
:20008000000000000000000000000000000000000000000000000000000000000000000060
:2000A000000000000000000000000000000000000000000000000000000000000000000040
:2000C000000000000000000000000000000000000000000000000000000000000000000020
:2000E000000000000000000000000000000000000000000000000000000000000000000000
:200100000000000000000000000000000000000000000000000000000000000000000000DF
:200120000000000000000000000000000000000000000000000000000000000000000000BF
:2001400000000000000000000000000000000000000000000000000000000000000000009F
:2001600000000000000000000000000000000000000000000000000000000000000000007F
:2001800000000000000000000000000000000000000000000000000000000000000000005F
:2001A00000000000000000000000000000000000000000000000000000000000000000003F
:2001C00000000000000000000000000000000000000000000000000000000000000000001F
:1401E000000000000000000000000000000000003412214361
:200200003E0059B3000000A0ABBD6CD85442932700000000000000000000000000000000F8
:200220000000000000000000000000000000000000000000000000000000000000000000BE
:2002400000000000000000000000000000000000000000000000000000000000000000009E
:2002600000000000000000000000000000000000000000000000000000000000000000007E
:2002800000000000000000000000000000000000000000000000000000000000000000005E
:2002A00000000000000000000000000000000000000000000000000000000000000000003E
:2002C00000000000000000000000000000000000000000000000000000000000000000001E
:2002E0000000000000000000000000000000000000000000000000000000000000000000FE
:200300000000000000000000000000000000000000000000000000000000000000000000DD
:200320000000000000000000000000000000000000000000000000000000000000000000BD
:2003400000000000000000000000000000000000000000000000000000000000000000009D
:2003600000000000000000000000000000000000000000000000000000000000000000007D
:2003800000000000000000000000000000000000000000000000000000000000000000005D
:2003A00000000000000000000000000000000000000000000000000000000000000000003D
:2003C00000000000000000000000000000000000000000000000000000000000000000001D
:1403E00000000000000000000000000000000000341221435F
:200400003E0059B3000000A0ABBD6CD85442932700000000000000000000000000000000F6
:200420000000000000000000000000000000000000000000000000000000000000000000BC
:2004400000000000000000000000000000000000000000000000000000000000000000009C
:2004600000000000000000000000000000000000000000000000000000000000000000007C
:2004800000000000000000000000000000000000000000000000000000000000000000005C
:2004A00000000000000000000000000000000000000000000000000000000000000000003C
:2004C00000000000000000000000000000000000000000000000000000000000000000001C
:2004E0000000000000000000000000000000000000000000000000000000000000000000FC
:200500000000000000000000000000000000000000000000000000000000000000000000DB
:200520000000000000000000000000000000000000000000000000000000000000000000BB
:2005400000000000000000000000000000000000000000000000000000000000000000009B
:2005600000000000000000000000000000000000000000000000000000000000000000007B
:2005800000000000000000000000000000000000000000000000000000000000000000005B
:2005A00000000000000000000000000000000000000000000000000000000000000000003B
:2005C00000000000000000000000000000000000000000000000000000000000000000001B
:1405E00000000000000000000000000000000000341221435D
:200600003E0059B3000000A0ABBD6CD85442932700000000000000000000000000000000F4
:200620000000000000000000000000000000000000000000000000000000000000000000BA
:2006400000000000000000000000000000000000000000000000000000000000000000009A
:2006600000000000000000000000000000000000000000000000000000000000000000007A
:2006800000000000000000000000000000000000000000000000000000000000000000005A
:2006A00000000000000000000000000000000000000000000000000000000000000000003A
:2006C00000000000000000000000000000000000000000000000000000000000000000001A
:2006E0000000000000000000000000000000000000000000000000000000000000000000FA
:200700000000000000000000000000000000000000000000000000000000000000000000D9
:200720000000000000000000000000000000000000000000000000000000000000000000B9
:20074000000000000000000000000000000000000000000000000000000000000000000099
:20076000000000000000000000000000000000000000000000000000000000000000000079
:20078000000000000000000000000000000000000000000000000000000000000000000059
:2007A000000000000000000000000000000000000000000000000000000000000000000039
:2007C000000000000000000000000000000000000000000000000000000000000000000019
:1407E00000000000000000000000000000000000341221435B
:201000003E0059B3000000A0ABBD6CD85442932700000000000000000000000000000000EA
:201020000000000000000000000000000000000000000000000000000000000000000000B0
:20104000000000000000000000000000000000000000000000000000000000000000000090
:20106000000000000000000000000000000000000000000000000000000000000000000070
:20108000000000000000000000000000000000000000000000000000000000000000000050
:2010A000000000000000000000000000000000000000000000000000000000000000000030
:2010C000000000000000000000000000000000000000000000000000000000000000000010
:2010E0000000000000000000000000000000000000000000000000000000000000000000F0
:201100000000000000000000000000000000000000000000000000000000000000000000CF
:201120000000000000000000000000000000000000000000000000000000000000000000AF
:2011400000000000000000000000000000000000000000000000000000000000000000008F
:2011600000000000000000000000000000000000000000000000000000000000000000006F
:2011800000000000000000000000000000000000000000000000000000000000000000004F
:2011A00000000000000000000000000000000000000000000000000000000000000000002F
:2011C00000000000000000000000000000000000000000000000000000000000000000000F
:1411E000000000000000000000000000000000003412214351
:201200003E0059B3000000A0ABBD6CD85442932700000000000000000000000000000000E8
:201220000000000000000000000000000000000000000000000000000000000000000000AE
:2012400000000000000000000000000000000000000000000000000000000000000000008E
:2012600000000000000000000000000000000000000000000000000000000000000000006E
:2012800000000000000000000000000000000000000000000000000000000000000000004E
:2012A00000000000000000000000000000000000000000000000000000000000000000002E
:2012C00000000000000000000000000000000000000000000000000000000000000000000E
:2012E0000000000000000000000000000000000000000000000000000000000000000000EE
:201300000000000000000000000000000000000000000000000000000000000000000000CD
:201320000000000000000000000000000000000000000000000000000000000000000000AD
:2013400000000000000000000000000000000000000000000000000000000000000000008D
:2013600000000000000000000000000000000000000000000000000000000000000000006D
:2013800000000000000000000000000000000000000000000000000000000000000000004D
:2013A00000000000000000000000000000000000000000000000000000000000000000002D
:2013C00000000000000000000000000000000000000000000000000000000000000000000D
:1413E00000000000000000000000000000000000341221434F
:201400003E0059B3000000A0ABBD6CD85442932700000000000000000000000000000000E6
:201420000000000000000000000000000000000000000000000000000000000000000000AC
:2014400000000000000000000000000000000000000000000000000000000000000000008C
:2014600000000000000000000000000000000000000000000000000000000000000000006C
:2014800000000000000000000000000000000000000000000000000000000000000000004C
:2014A00000000000000000000000000000000000000000000000000000000000000000002C
:2014C00000000000000000000000000000000000000000000000000000000000000000000C
:2014E0000000000000000000000000000000000000000000000000000000000000000000EC
:201500000000000000000000000000000000000000000000000000000000000000000000CB
:201520000000000000000000000000000000000000000000000000000000000000000000AB
:2015400000000000000000000000000000000000000000000000000000000000000000008B
:2015600000000000000000000000000000000000000000000000000000000000000000006B
:2015800000000000000000000000000000000000000000000000000000000000000000004B
:2015A00000000000000000000000000000000000000000000000000000000000000000002B
:2015C00000000000000000000000000000000000000000000000000000000000000000000B
:1415E00000000000000000000000000000000000341221434D
:201600003E0059B3000000A0ABBD6CD85442932700000000000000000000000000000000E4
:201620000000000000000000000000000000000000000000000000000000000000000000AA
:2016400000000000000000000000000000000000000000000000000000000000000000008A
:2016600000000000000000000000000000000000000000000000000000000000000000006A
:2016800000000000000000000000000000000000000000000000000000000000000000004A
:2016A00000000000000000000000000000000000000000000000000000000000000000002A
:2016C00000000000000000000000000000000000000000000000000000000000000000000A
:2016E0000000000000000000000000000000000000000000000000000000000000000000EA
:201700000000000000000000000000000000000000000000000000000000000000000000C9
:201720000000000000000000000000000000000000000000000000000000000000000000A9
:20174000000000000000000000000000000000000000000000000000000000000000000089
:20176000000000000000000000000000000000000000000000000000000000000000000069
:20178000000000000000000000000000000000000000000000000000000000000000000049
:2017A000000000000000000000000000000000000000000000000000000000000000000029
:2017C000000000000000000000000000000000000000000000000000000000000000000009
:1417E00000000000000000000000000000000000341221434B
:04000005A000000057
:00000001FF
